timestamp,max_demand_gen,highest_gen,min_gen,day_peak_gen,eve_peak_gen,eve_peak_load_shedding,max_temp,total_gas,total_energy,day_of_week,day_of_month,month,is_weekend,season
2015-06-01,7782,7782.0,5838.0,6338.0,7782,0,36.0,1003.48,157.65,0,1,6,0,0
2015-06-02,6869,6869.0,5167.0,6482.0,6869,0,36.0,1004.19,148.74,1,2,6,0,0
2015-06-03,7549,7558.0,4975.0,5658.0,7549,0,35.7,1037.43,146.43,2,3,6,0,0
2015-06-04,7676,7752.0,6017.0,6552.0,7676,0,36.2,1049.77,163.47,3,4,6,0,0
2015-06-05,7312,7444.0,5841.0,6195.0,7312,0,36.5,1029.04,165.22,4,5,6,1,0
2015-06-06,7372,7435.0,6060.0,6613.0,7372,0,34.8,1029.04,161.25,5,6,6,1,0
2015-06-07,7496,7496.0,6092.0,6861.0,7496,0,35.6,1015.44,170.66,6,7,6,0,0
2015-06-08,7573,7704.0,6197.0,6656.0,7573,0,36.0,1005.77,164.1,0,8,6,0,0
2015-06-09,7653,7653.0,5957.0,6840.0,7653,0,35.0,1028.93,165.19,1,9,6,0,0
2015-06-10,7385,7385.0,5843.0,6036.0,7385,0,31.2,959.16,155.58,2,10,6,0,0
2015-06-11,7385,7385.0,5843.0,6036.0,7385,0,31.2,959.16,155.58,3,11,6,0,0
2015-06-12,7385,7385.0,5843.0,6036.0,7385,0,31.2,959.16,155.58,4,12,6,1,0
2015-06-13,6966,6966.0,4476.0,4476.0,6966,0,31.6,921.74,137.7,5,13,6,1,0
2015-06-14,6869,6869.0,4722.0,5504.0,6869,0,32.5,960.05,139.72,6,14,6,0,0
2015-06-15,7200,7208.0,5142.0,6019.0,7200,0,31.6,985.15,147.2,0,15,6,0,0
2015-06-16,7300,7085.0,4988.0,6018.0,7085,194,31.6,959.24,146.31,1,16,6,0,0
2015-06-17,7297,7297.0,5431.0,6051.0,7297,0,32.6,996.82,149.24,2,17,6,0,0
2015-06-18,7500,7348.0,5586.0,6184.0,7279,200,33.6,998.1,151.16,3,18,6,0,0
2015-06-19,7650,7407.0,5627.0,5685.0,7407,219,35.0,989.84,153.51,4,19,6,1,0
2015-06-20,7700,7407.0,5992.0,6265.0,7407,264,34.2,1020.69,157.4,5,20,6,1,0
2015-06-21,7600,7472.0,5964.0,6272.0,7397,183,33.0,1041.85,158.51,6,21,6,0,0
2015-06-22,7365,7365.0,5420.0,5845.0,7365,0,29.3,1039.36,148.64,0,22,6,0,0
2015-06-23,7513,7513.0,4918.0,5822.0,7513,0,30.7,1084.24,148.85,1,23,6,0,0
2015-06-24,7632,7632.0,4973.0,5828.0,7632,0,30.5,1042.08,144.64,2,24,6,0,0
2015-06-25,7343,7343.0,4717.0,5521.0,7343,0,29.2,993.35,143.84,3,25,6,0,0
2015-06-26,7212,7212.0,4420.0,4858.0,7212,0,29.5,936.07,132.66,4,26,6,1,0
2015-06-27,7121,7121.0,4552.0,4970.0,7121,0,28.3,991.1,132.92,5,27,6,1,0
2015-06-28,7475,7475.0,4504.0,5496.0,7475,0,30.0,1026.43,136.87,6,28,6,0,0
2015-06-29,7719,7719.0,4857.0,6074.0,7719,0,33.4,1077.48,148.41,0,29,6,0,0
2015-06-30,7802,7802.0,5184.0,6116.0,7802,0,36.0,1137.97,154.18,1,30,6,0,1
2015-07-01,7923,7923.0,5675.0,6458.0,7923,0,34.0,1152.32,160.67,2,1,7,0,1
2015-07-02,7858,7858.0,5784.0,6461.0,7858,0,32.5,1113.08,156.84,3,2,7,0,1
2015-07-03,7810,7810.0,5345.0,5616.0,7810,0,34.0,1126.3,150.41,4,3,7,1,1
2015-07-04,7744,7744.0,5723.0,6537.0,7744,0,35.2,1150.37,161.11,5,4,7,1,1
2015-07-05,8032,8032.0,5645.0,6521.0,8032,0,33.0,1147.86,163.7,6,5,7,0,1
2015-07-06,8122,8122.0,5942.0,6697.0,8122,0,34.0,1148.52,167.42,0,6,7,0,1
2015-07-07,8122,8122.0,5942.0,6697.0,8122,0,34.0,1148.52,167.42,1,7,7,0,1
2015-07-08,7711,7711.0,5561.0,6525.0,7711,0,32.8,1112.23,156.71,2,8,7,0,1
2015-07-09,7348,7348.0,4668.0,5531.0,7348,0,28.5,1092.85,157.84,3,9,7,0,1
2015-07-10,7352,7400.0,4749.0,5190.0,7352,0,31.0,1061.81,138.68,4,10,7,1,1
2015-07-11,7590,7632.0,5237.0,6206.0,7590,0,33.6,1106.94,155.2,5,11,7,1,1
2015-07-12,7972,7972.0,5995.0,6624.0,7972,0,33.4,1106.37,165.41,6,12,7,0,1
2015-07-13,7971,8027.0,6296.0,6956.0,7971,0,35.0,1138.2,162.49,0,13,7,0,1
2015-07-14,7925,7925.0,6457.0,6986.0,7925,0,35.5,1109.38,169.89,1,14,7,0,1
2015-07-15,7304,7461.0,5308.0,5553.0,7304,0,29.6,1098.37,149.95,2,15,7,0,1
2015-07-16,7189,7189.0,5099.0,5324.0,7189,0,30.6,1072.68,143.43,3,16,7,0,1
2015-07-17,6762,6762.0,4159.0,4494.0,6762,0,30.0,997.44,128.11,4,17,7,1,1
2015-07-18,6274,6274.0,4214.0,4453.0,6274,0,28.3,954.52,121.54,5,18,7,1,1
2015-07-19,5997,5997.0,3544.0,3804.0,5997,0,27.2,907.0,107.62,6,19,7,0,1
2015-07-20,6293,6293.0,3725.0,4060.0,6293,0,28.5,926.4,113.3,0,20,7,0,1
2015-07-21,6547,6547.0,3769.0,4594.0,6547,0,30.7,974.95,118.96,1,21,7,0,1
2015-07-22,6525,6525.0,4303.0,4720.0,6525,0,31.0,993.41,124.45,2,22,7,0,1
2015-07-23,6782,6782.0,4378.0,5220.0,6782,0,32.7,991.89,130.13,3,23,7,0,1
2015-07-24,6508,6508.0,4342.0,4676.0,6512,0,30.0,934.08,124.45,4,24,7,1,1
2015-07-25,7031,7031.0,4118.0,5164.0,7030,0,30.1,995.74,128.47,5,25,7,1,1
2015-07-26,6238,6238.0,4318.0,5098.0,6225,0,31.6,969.8,124.24,6,26,7,0,1
2015-07-27,6737,6737.0,4155.0,5076.0,6737,0,27.9,1020.93,124.86,0,27,7,0,1
2015-07-28,6966,6966.0,4448.0,5619.0,6966,0,33.2,1079.84,135.79,1,28,7,0,1
2015-07-29,6966,6966.0,4448.0,5619.0,6966,0,33.2,1079.84,135.79,2,29,7,0,1
2015-07-30,7028,7028.0,5102.0,5545.0,7028,0,33.7,1042.35,141.72,3,30,7,0,1
2015-07-31,5978,6056.0,3649.0,4079.0,5978,0,26.5,896.46,112.95,4,31,7,1,1
2015-08-01,6066,6066.0,3888.0,4512.0,6066,0,29.5,959.09,114.09,5,1,8,1,1
2015-08-02,7414,7414.0,4296.0,5485.0,7414,0,30.3,1083.9,130.5,6,2,8,0,1
2015-08-03,7429,7429.0,5095.0,6250.0,7429,0,32.4,1130.75,142.66,0,3,8,0,1
2015-08-04,7429,7429.0,5095.0,6250.0,7429,0,32.4,1130.75,142.66,1,4,8,0,1
2015-08-05,7845,7845.0,5650.0,6467.0,7845,0,34.4,1139.45,159.11,2,5,8,0,1
2015-08-06,8029,8029.0,5841.0,6666.0,8029,0,34.1,1118.43,160.96,3,6,8,0,1
2015-08-07,7569,7569.0,5536.0,5750.0,7569,0,33.4,1095.97,152.47,4,7,8,1,1
2015-08-08,7943,7943.0,5673.0,5992.0,7943,0,34.2,1121.72,158.84,5,8,8,1,1
2015-08-09,8089,8089.0,5884.0,6277.0,8089,0,34.5,1089.02,163.61,6,9,8,0,1
2015-08-10,8017,8017.0,6063.0,6728.0,8017,0,34.4,1053.28,164.51,0,10,8,0,1
2015-08-11,8126,8126.0,6038.0,6781.0,8126,0,34.7,1084.73,166.58,1,11,8,0,1
2015-08-12,8015,8015.0,6053.0,6661.0,8015,0,33.2,1067.08,164.97,2,12,8,0,1
2015-08-13,8177,8177.0,6261.0,6600.0,8177,0,33.3,1046.58,174.54,3,13,8,0,1
2015-08-14,7773,7773.0,5568.0,5908.0,7773,0,31.2,1023.8,152.53,4,14,8,1,1
2015-08-15,7796,7796.0,5438.0,6068.0,7796,0,33.0,1099.96,153.14,5,15,8,1,1
2015-08-16,8031,8031.0,5552.0,6423.0,8031,0,32.5,1092.43,158.34,6,16,8,0,1
2015-08-17,7877,7877.0,5534.0,6262.0,7877,0,32.7,1099.55,153.64,0,17,8,0,1
2015-08-18,7698,7698.0,5535.0,5968.0,7698,0,32.0,1070.67,160.52,1,18,8,0,1
2015-08-19,7840,7840.0,5431.0,6237.0,7840,0,32.5,1084.99,153.12,2,19,8,0,1
2015-08-20,7436,7436.0,5257.0,6220.0,7436,0,32.5,1015.2,153.53,3,20,8,0,1
2015-08-21,7215,7215.0,4458.0,5072.0,7215,0,29.6,948.48,130.3,4,21,8,1,1
2015-08-22,7973,7973.0,5077.0,5902.0,7973,0,33.3,1058.09,149.01,5,22,8,1,1
2015-08-23,8118,8118.0,5583.0,6369.0,8118,0,31.6,1096.07,156.83,6,23,8,0,1
2015-08-24,7926,7926.0,5585.0,6622.0,7926,0,33.0,1044.99,160.5,0,24,8,0,1
2015-08-25,8008,8008.0,5784.0,6573.0,8008,0,33.2,1106.56,163.66,1,25,8,0,1
2015-08-26,7941,7941.0,5933.0,6569.0,7941,0,33.1,1061.55,164.11,2,26,8,0,1
2015-08-27,7879,7879.0,5795.0,6462.0,7879,0,33.0,1002.52,164.1,3,27,8,0,1
2015-08-28,7551,7551.0,5301.0,5475.0,7551,0,32.5,1010.17,149.48,4,28,8,1,1
2015-08-29,7909,7909.0,5329.0,6055.0,7909,0,32.1,1059.1,153.92,5,29,8,1,1
2015-08-30,7916,7916.0,5624.0,6496.0,7916,0,31.8,1060.96,158.55,6,30,8,0,1
2015-08-31,7574,7574.0,5316.0,5981.0,7574,0,29.8,1000.61,149.64,0,31,8,0,1
2015-09-01,7574,7574.0,5316.0,5981.0,7574,0,29.8,1000.61,149.64,1,1,9,0,1
2015-09-02,7743,7743.0,5039.0,6034.0,7743,0,28.5,1087.82,147.82,2,2,9,0,1
2015-09-03,7860,7860.0,5194.0,6161.0,7860,0,30.8,1075.65,152.26,3,3,9,0,1
2015-09-04,7350,7350.0,4847.0,5254.0,7350,0,31.0,1017.74,139.75,4,4,9,1,1
2015-09-05,7724,7724.0,5188.0,6202.0,7724,0,33.4,1076.41,150.14,5,5,9,1,1
2015-09-06,7748,7761.0,5515.0,6556.0,7748,0,33.7,1090.52,154.24,6,6,9,0,1
2015-09-07,7879,7879.0,5820.0,6669.0,7879,0,34.1,1084.31,160.61,0,7,9,0,1
2015-09-08,7787,7787.0,5843.0,6747.0,7787,0,34.1,1069.11,161.59,1,8,9,0,1
2015-09-09,7742,7862.0,5977.0,6878.0,7742,0,34.6,1072.74,168.14,2,9,9,0,1
2015-09-10,7910,7910.0,6222.0,6228.0,7910,0,35.4,1084.36,166.04,3,10,9,0,1
2015-09-11,7646,7646.0,5664.0,5976.0,7646,0,33.7,1041.97,156.09,4,11,9,1,1
2015-09-12,7659,7659.0,5798.0,6411.0,7659,0,34.9,1050.04,158.41,5,12,9,1,1
2015-09-13,7659,7659.0,5798.0,6411.0,7659,0,34.9,1050.04,158.41,6,13,9,0,1
2015-09-14,7894,7894.0,5983.0,6755.0,7894,0,33.6,1052.98,164.66,0,14,9,0,1
2015-09-15,7529,7686.0,5998.0,6572.0,7529,0,33.2,1028.36,162.56,1,15,9,0,1
2015-09-16,7861,7861.0,6060.0,6964.0,7861,0,33.8,1032.32,165.87,2,16,9,0,1
2015-09-17,7850,7883.0,6393.0,6868.0,7681,152,34.5,1036.2,167.12,3,17,9,0,1
2015-09-18,7850,7803.0,6234.0,6324.0,7256,535,36.5,1009.5,164.69,4,18,9,1,1
2015-09-19,7850,7704.0,5795.0,6373.0,7704,131,28.9,1002.65,159.34,5,19,9,1,1
2015-09-20,7494,7494.0,4998.0,5743.0,7494,0,27.3,973.59,146.79,6,20,9,0,1
2015-09-21,7700,7700.0,4697.0,5893.0,7700,0,30.7,1010.38,146.43,0,21,9,0,1
2015-09-22,7553,7553.0,5029.0,6022.0,7553,0,29.8,1013.33,149.71,1,22,9,0,1
2015-09-23,6621,6621.0,4764.0,5559.0,6621,0,29.5,982.5,148.6,2,23,9,0,1
2015-09-24,6654,6654.0,4073.0,4641.0,6654,0,31.2,932.11,126.09,3,24,9,0,1
2015-09-25,6821,6821.0,4010.0,4347.0,6821,0,34.5,873.6,129.95,4,25,9,1,1
2015-09-26,6750,6750.0,4367.0,4795.0,6750,0,34.7,795.35,126.61,5,26,9,1,1
2015-09-27,6827,6827.0,4391.0,5109.0,6827,0,33.5,877.66,130.63,6,27,9,0,1
2015-09-28,7017,7017.0,4532.0,5384.0,7017,0,33.8,908.0,135.15,0,28,9,0,1
2015-09-29,7274,7274.0,4826.0,5675.0,7274,0,34.6,939.5,144.23,1,29,9,0,1
2015-09-30,7675,7675.0,5223.0,6199.0,7675,0,35.4,962.09,152.88,2,30,9,0,2
2015-10-01,7740,7740.0,5312.0,6305.0,7740,0,35.5,983.87,156.32,3,1,10,0,2
2015-10-02,7393,7393.0,5371.0,5900.0,7393,0,35.0,1031.51,149.12,4,2,10,1,2
2015-10-03,7817,7817.0,5354.0,6248.0,7817,0,32.5,1009.24,156.89,5,3,10,1,2
2015-10-04,7883,7883.0,5491.0,6581.0,7883,0,34.3,1006.54,160.61,6,4,10,0,2
2015-10-05,8031,8031.0,5712.0,6580.0,7614,0,35.2,1014.17,162.33,0,5,10,0,2
2015-10-06,8162,8162.0,5621.0,6535.0,8162,0,33.8,1035.2,163.23,1,6,10,0,2
2015-10-07,8048,8048.0,5614.0,6643.0,8048,0,33.5,1029.34,168.98,2,7,10,0,2
2015-10-08,7742,7742.0,5466.0,6348.0,7742,0,28.4,991.4,154.9,3,8,10,0,2
2015-10-09,7635,7635.0,4751.0,5605.0,7635,0,32.4,942.26,142.88,4,9,10,1,2
2015-10-10,7901,7901.0,4945.0,6036.0,7901,0,33.1,954.93,151.97,5,10,10,1,2
2015-10-11,8002,8002.0,5220.0,6429.0,8002,0,32.0,1024.3,153.47,6,11,10,0,2
2015-10-12,7680,7680.0,5206.0,6407.0,7680,0,30.2,1031.18,152.4,0,12,10,0,2
2015-10-13,7390,7390.0,5033.0,6110.0,7390,0,30.7,1008.98,145.87,1,13,10,0,2
2015-10-14,7565,7565.0,4833.0,6023.0,7565,0,30.6,977.62,142.68,2,14,10,0,2
2015-10-15,7610,7610.0,4862.0,6272.0,7610,0,31.0,952.85,143.82,3,15,10,0,2
2015-10-16,7293,7293.0,4634.0,5384.0,7293,0,32.6,979.71,136.63,4,16,10,1,2
2015-10-17,7834,7834.0,4782.0,5908.0,7834,0,32.4,1038.38,145.55,5,17,10,1,2
2015-10-18,7994,7994.0,5188.0,6493.0,7994,0,33.0,1013.72,156.05,6,18,10,0,2
2015-10-19,7728,7728.0,5185.0,6561.0,7728,0,33.0,987.12,154.67,0,19,10,0,2
2015-10-20,7802,7802.0,5265.0,6608.0,7802,0,32.8,997.14,155.56,1,20,10,0,2
2015-10-21,7849,7849.0,5212.0,6757.0,7849,0,32.6,1023.85,156.7,2,21,10,0,2
2015-10-22,7892,7892.0,5263.0,6370.0,7892,0,32.5,1005.11,162.33,3,22,10,0,2
2015-10-23,7254,7254.0,4822.0,5224.0,7254,0,32.7,974.65,138.35,4,23,10,1,2
2015-10-24,7348,7348.0,4558.0,5617.0,7348,0,32.8,1060.78,137.55,5,24,10,1,2
2015-10-25,7661,7661.0,4691.0,6298.0,7661,0,32.4,1031.57,143.31,6,25,10,0,2
2015-10-26,7591,7591.0,4812.0,6006.0,7591,0,32.3,1024.9,142.86,0,26,10,0,2
2015-10-27,7603,7603.0,4763.0,6106.0,7603,0,32.0,1029.98,146.33,1,27,10,0,2
2015-10-28,7610,7610.0,4811.0,6122.0,7610,0,31.4,1015.34,141.62,2,28,10,0,2
2015-10-29,7485,7485.0,4872.0,6056.0,7485,0,32.0,1013.5,141.72,3,29,10,0,2
2015-10-30,6921,6921.0,4518.0,4960.0,6921,0,31.1,1022.59,127.2,4,30,10,1,2
2015-10-31,7264,7264.0,4484.0,5297.0,7264,0,30.4,992.57,129.73,5,31,10,1,2
2015-11-01,7142,7142.0,4541.0,5764.0,7142,0,29.3,1000.72,134.25,6,1,11,0,2
2015-11-02,7462,7462.0,4340.0,5657.0,7462,0,30.0,1010.2,131.1,0,2,11,0,2
2015-11-03,7379,7379.0,4463.0,5835.0,7379,0,31.4,1019.97,135.16,1,3,11,0,2
2015-11-04,7212,7212.0,4715.0,6084.0,7212,0,32.9,995.15,139.2,2,4,11,0,2
2015-11-05,7228,7228.0,4702.0,6009.0,7228,0,31.2,1009.23,139.58,3,5,11,0,2
2015-11-06,6755,6755.0,4314.0,4663.0,6755,0,32.0,963.86,122.58,4,6,11,1,2
2015-11-07,7305,7305.0,4280.0,5254.0,7305,0,31.5,1027.63,127.37,5,7,11,1,2
2015-11-08,7101,7101.0,4365.0,5692.0,7101,0,31.2,1002.55,130.14,6,8,11,0,2
2015-11-09,7101,7101.0,4365.0,5692.0,7101,0,31.2,1002.55,130.14,0,9,11,0,2
2015-11-10,7101,7101.0,4365.0,5692.0,7101,0,31.2,1002.55,130.14,1,10,11,0,2
2015-11-11,7302,7302.0,4272.0,5473.0,7302,0,30.6,987.11,128.4,2,11,11,0,2
2015-11-12,7246,7246.0,4265.0,5558.0,7246,0,31.0,1001.82,130.92,3,12,11,0,2
2015-11-13,6470,6470.0,4012.0,4327.0,6470,0,30.5,923.04,113.46,4,13,11,1,2
2015-11-14,6968,6968.0,3903.0,5065.0,6968,0,30.6,959.57,121.64,5,14,11,1,2
2015-11-15,7349,7349.0,4308.0,5513.0,7349,0,29.3,968.54,127.83,6,15,11,0,2
2015-11-16,7263,7263.0,4234.0,5458.0,7263,0,30.5,1007.36,128.33,0,16,11,0,2
2015-11-17,7096,7096.0,4231.0,5242.0,7096,0,28.5,997.49,127.27,1,17,11,0,2
2015-11-18,7072,7072.0,4070.0,5293.0,7072,0,28.5,957.14,125.36,2,18,11,0,2
2015-11-19,7029,7029.0,4055.0,5138.0,7029,0,29.5,949.6,123.69,3,19,11,0,2
2015-11-20,6312,6312.0,3921.0,4210.0,6312,0,31.6,884.32,109.25,4,20,11,1,2
2015-11-21,7042,7042.0,3761.0,4960.0,7042,0,31.8,965.03,119.44,5,21,11,1,2
2015-11-22,7010,7010.0,4056.0,5276.0,7010,0,31.4,975.49,122.86,6,22,11,0,2
2015-11-23,7030,7030.0,4001.0,5279.0,7030,0,30.2,950.48,125.01,0,23,11,0,2
2015-11-24,6934,6934.0,4013.0,5275.0,6934,0,30.0,925.81,122.9,1,24,11,0,2
2015-11-25,6915,6915.0,3895.0,5158.0,6915,0,29.0,923.13,122.49,2,25,11,0,2
2015-11-26,6871,6871.0,4000.0,5133.0,6871,0,28.5,932.41,121.36,3,26,11,0,2
2015-11-27,6053,6053.0,3829.0,4165.0,6053,0,27.6,869.49,106.44,4,27,11,1,2
2015-11-28,6736,6736.0,3558.0,4671.0,6736,0,28.6,922.41,114.31,5,28,11,1,2
2015-11-29,6911,6911.0,3860.0,5290.0,6911,0,29.8,970.42,120.61,6,29,11,0,2
2015-11-30,6911,6911.0,3860.0,5290.0,6911,0,29.8,970.42,120.61,0,30,11,0,2
2015-12-01,6886,6886.0,3842.0,5224.0,6886,0,30.3,920.06,121.4,1,1,12,0,2
2015-12-02,6925,6925.0,3918.0,5248.0,6925,0,28.0,899.76,120.39,2,2,12,0,2
2015-12-03,6804,6804.0,3940.0,5081.0,6804,0,29.2,865.74,120.46,3,3,12,0,2
2015-12-04,6073,6076.0,3741.0,4129.0,6076,0,27.5,824.43,105.05,4,4,12,1,2
2015-12-05,6602,6602.0,3659.0,4554.0,6602,0,29.3,897.85,113.39,5,5,12,1,2
2015-12-06,6746,6746.0,3786.0,4900.0,6746,0,27.4,901.31,113.77,6,6,12,0,2
2015-12-07,6759,6759.0,3806.0,5008.0,6759,0,25.8,888.17,118.02,0,7,12,0,2
2015-12-08,6687,6687.0,3817.0,5079.0,6687,0,26.4,915.93,118.72,1,8,12,0,2
2015-12-09,6730,6730.0,3816.0,4938.0,6730,0,27.7,921.12,116.47,2,9,12,0,2
2015-12-10,6724,6724.0,3726.0,4990.0,6724,0,27.4,934.45,118.87,3,10,12,0,2
2015-12-11,6003,6003.0,3651.0,4161.0,6003,0,26.7,885.59,106.02,4,11,12,1,2
2015-12-12,6713,6713.0,3533.0,4723.0,6713,0,27.5,974.99,113.85,5,12,12,1,2
2015-12-13,6706,6706.0,3734.0,5158.0,6706,0,27.6,975.08,118.09,6,13,12,0,2
2015-12-14,6749,6749.0,3763.0,5007.0,6749,0,24.8,922.8,118.57,0,14,12,0,2
2015-12-15,6736,6736.0,3730.0,4768.0,6736,0,24.2,867.03,115.85,1,15,12,0,2
2015-12-16,5821,5821.0,3498.0,3895.0,5821,0,24.5,849.42,102.6,2,16,12,0,2
2015-12-17,6444,6444.0,3235.0,4430.0,6444,0,24.4,937.69,107.17,3,17,12,0,2
2015-12-18,5831,5831.0,3410.0,3770.0,5831,0,22.2,837.54,100.31,4,18,12,1,2
2015-12-19,6493,6493.0,3303.0,4596.0,6493,0,23.6,896.09,109.94,5,19,12,1,2
2015-12-20,6424,6424.0,3487.0,4763.0,6424,0,24.0,907.3,111.14,6,20,12,0,2
2015-12-21,6560,6560.0,3528.0,4763.0,6560,0,24.0,913.19,112.99,0,21,12,0,2
2015-12-22,6576,6576.0,3546.0,4866.0,6576,0,25.5,923.09,114.21,1,22,12,0,2
2015-12-23,6558,6558.0,3582.0,4783.0,6558,0,25.5,908.42,112.87,2,23,12,0,2
2015-12-24,6548,6548.0,3607.0,4954.0,6548,0,25.5,904.92,114.18,3,24,12,0,2
2015-12-25,6548,6548.0,3607.0,4954.0,6548,0,25.5,904.92,114.18,4,25,12,1,2
2015-12-26,6548,6548.0,3607.0,4954.0,6548,0,25.5,904.92,114.18,5,26,12,1,2
2015-12-27,6667,6667.0,3309.0,4777.0,6667,0,25.2,906.76,113.33,6,27,12,0,2
2015-12-28,6636,6636.0,3574.0,4970.0,6636,0,25.4,911.02,114.57,0,28,12,0,2
2015-12-29,6656,6656.0,3538.0,4960.0,6656,0,26.0,904.44,115.42,1,29,12,0,2
2015-12-30,6557,6557.0,3543.0,4964.0,6557,0,25.8,891.91,111.55,2,30,12,0,2
2015-12-31,6553,6553.0,3451.0,5039.0,6553,0,26.4,879.39,115.33,3,31,12,0,2
2016-01-01,5891,5891.0,3590.0,4275.0,5891,0,27.6,839.82,104.07,4,1,1,1,2
2016-01-02,6538,6538.0,3399.0,4742.0,6538,0,27.0,902.62,111.69,5,2,1,1,2
2016-01-03,6635,6635.0,3586.0,4944.0,6635,0,25.8,880.89,115.93,6,3,1,0,0
2016-01-04,6694,6694.0,3647.0,4934.0,6694,0,26.5,863.28,116.21,0,4,1,0,0
2016-01-05,6672,6672.0,3716.0,4938.0,6672,0,25.8,871.71,116.31,1,5,1,0,0
2016-01-06,6707,6707.0,3732.0,5015.0,6707,0,26.0,845.68,117.48,2,6,1,0,0
2016-01-07,6754,6754.0,3649.0,4894.0,6754,0,26.0,882.4,118.21,3,7,1,0,0
2016-01-08,6157,6157.0,3779.0,4370.0,6157,0,26.8,841.97,108.33,4,8,1,1,0
2016-01-09,6775,6775.0,3512.0,4792.0,6775,0,25.2,902.26,114.57,5,9,1,1,0
2016-01-10,6775,6775.0,3512.0,4792.0,6775,0,25.2,902.26,114.57,6,10,1,0,0
2016-01-11,6766,6766.0,3685.0,5037.0,6766,0,25.1,888.16,116.81,0,11,1,0,0
2016-01-12,6778,6778.0,3722.0,5153.0,6778,0,24.5,915.29,120.02,1,12,1,0,0
2016-01-13,6883,6883.0,3766.0,5230.0,6883,0,24.1,922.87,120.82,2,13,1,0,0
2016-01-14,6794,6794.0,3869.0,5386.0,6794,0,25.4,931.31,128.41,3,14,1,0,0
2016-01-15,6311,6311.0,3859.0,4595.0,6311,0,26.0,890.25,109.24,4,15,1,1,0
2016-01-16,6311,6884.0,3593.0,5064.0,6884,0,26.6,937.14,109.24,5,16,1,1,0
2016-01-17,6983,6983.0,3871.0,5200.0,6983,0,25.4,943.84,130.37,6,17,1,0,0
2016-01-18,6946,6946.0,3902.0,5316.0,6946,0,25.7,929.17,124.47,0,18,1,0,0
2016-01-19,6937,6937.0,3917.0,5440.0,6937,0,25.4,879.63,126.82,1,19,1,0,0
2016-01-20,6484,6484.0,3305.0,5121.0,6484,0,22.8,846.72,116.01,2,20,1,0,0
2016-01-21,6840,6840.0,3725.0,5338.0,6840,0,22.7,878.56,122.71,3,21,1,0,0
2016-01-22,6242,6242.0,3891.0,4763.0,6242,0,20.0,893.58,110.67,4,22,1,1,0
2016-01-23,6939,6939.0,3594.0,5305.0,6939,0,20.8,958.54,120.48,5,23,1,1,0
2016-01-24,6954,6954.0,3883.0,5669.0,6954,0,22.0,901.85,124.78,6,24,1,0,0
2016-01-25,7080,7080.0,3801.0,5611.0,7080,0,23.1,848.69,121.45,0,25,1,0,0
2016-01-26,6796,6796.0,3993.0,5562.0,6796,0,22.1,854.53,125.27,1,26,1,0,0
2016-01-27,6870,6870.0,3993.0,5514.0,6870,0,25.0,861.6,126.87,2,27,1,0,0
2016-01-28,7065,7065.0,3855.0,5671.0,7065,0,25.8,857.46,128.01,3,28,1,0,0
2016-01-29,6454,6454.0,4091.0,4968.0,6454,0,25.2,829.17,116.78,4,29,1,1,0
2016-01-30,6454,6454.0,4091.0,4968.0,6454,0,25.2,829.17,116.78,5,30,1,1,0
2016-01-31,7052,7052.0,3970.0,5766.0,7052,0,26.0,896.61,129.31,6,31,1,0,0
2016-02-01,7024,7024.0,4007.0,5837.0,7024,0,28.0,870.14,129.44,0,1,2,0,0
2016-02-02,7042,7042.0,4039.0,5813.0,7042,0,28.6,850.85,132.87,1,2,2,0,0
2016-02-03,7041,7041.0,4160.0,5901.0,7041,0,27.8,898.71,124.89,2,3,2,0,0
2016-02-04,6881,6881.0,4114.0,5662.0,6881,0,26.6,886.34,129.35,3,4,2,0,0
2016-02-05,6300,6300.0,4053.0,4836.0,6300,0,26.7,844.94,114.63,4,5,2,1,0
2016-02-06,7074,7074.0,3727.0,5338.0,7074,0,26.8,859.44,123.7,5,6,2,1,0
2016-02-07,7127,7127.0,4101.0,5755.0,7127,0,28.4,898.56,128.57,6,7,2,0,0
2016-02-08,7155,7155.0,4079.0,5692.0,7155,0,29.1,871.77,129.51,0,8,2,0,0
2016-02-09,7214,7214.0,3820.0,5868.0,7214,0,27.5,902.29,130.45,1,9,2,0,0
2016-02-10,7214,7214.0,3820.0,5868.0,7214,0,27.5,902.29,130.45,2,10,2,0,0
2016-02-11,7153,7153.0,4192.0,5885.0,7101,0,27.9,918.1,134.6,3,11,2,0,0
2016-02-12,6584,6584.0,3746.0,4745.0,6584,0,29.5,891.71,117.76,4,12,2,1,0
2016-02-13,7160,7160.0,3976.0,5679.0,7160,0,29.0,943.89,129.06,5,13,2,1,0
2016-02-14,7314,7314.0,4323.0,6001.0,7314,0,28.6,941.74,148.81,6,14,2,0,0
2016-02-15,7525,7525.0,4423.0,6040.0,7525,0,30.6,958.51,138.64,0,15,2,0,0
2016-02-16,7521,7521.0,4583.0,6333.0,7521,0,31.5,943.36,142.17,1,16,2,0,0
2016-02-17,7448,7448.0,4653.0,5938.0,7448,0,31.0,938.0,139.81,2,17,2,0,0
2016-02-18,7474,7474.0,4784.0,6342.0,7474,0,31.0,920.78,143.08,3,18,2,0,0
2016-02-19,7055,7055.0,4872.0,5410.0,7055,0,33.6,914.55,132.83,4,19,2,1,0
2016-02-20,7497,7497.0,4734.0,5748.0,7497,0,34.0,939.47,141.27,5,20,2,1,0
2016-02-21,7588,7130.0,5099.0,5524.0,7130,0,34.0,952.43,138.65,6,21,2,0,0
2016-02-22,7679,7679.0,5095.0,6192.0,7679,0,31.4,996.04,145.63,0,22,2,0,0
2016-02-23,7628,7628.0,5136.0,6689.0,7628,0,31.0,967.12,149.51,1,23,2,0,0
2016-02-24,7147,7147.0,4554.0,5656.0,7147,0,26.4,891.19,132.25,2,24,2,0,0
2016-02-25,7475,7475.0,4093.0,6076.0,7475,0,30.4,945.57,134.02,3,25,2,0,0
2016-02-26,7010,7010.0,4771.0,5071.0,6769,0,31.2,926.66,129.2,4,26,2,1,0
2016-02-27,7614,7614.0,4650.0,5915.0,7614,0,31.2,921.26,141.41,5,27,2,1,0
2016-02-28,7617,7617.0,5036.0,6597.0,7617,0,31.3,924.64,145.8,6,28,2,0,0
2016-02-29,7729,7729.0,5125.0,6469.0,7729,0,31.9,920.73,148.46,0,29,2,0,0
2016-03-01,7881,7881.0,5103.0,6771.0,7881,0,32.1,906.29,150.45,1,1,3,0,0
2016-03-02,7784,7784.0,5127.0,6683.0,7784,0,32.4,914.73,150.15,2,2,3,0,0
2016-03-03,7775,7775.0,5212.0,6668.0,7775,0,33.0,911.97,152.16,3,3,3,0,0
2016-03-04,7413,7413.0,5149.0,5485.0,7413,0,33.5,943.88,139.42,4,4,3,1,0
2016-03-05,8002,8002.0,5125.0,6127.0,8002,0,33.4,954.77,148.26,5,5,3,1,0
2016-03-06,5946,7130.0,3615.0,6968.0,5946,0,33.6,851.6,142.65,6,6,3,0,0
2016-03-07,7485,7485.0,4352.0,6151.0,7485,0,33.0,940.45,137.98,0,7,3,0,0
2016-03-08,7957,7957.0,5315.0,6605.0,7957,0,32.7,938.98,154.45,1,8,3,0,0
2016-03-09,7953,7953.0,5630.0,6534.0,7953,0,34.5,935.14,159.37,2,9,3,0,0
2016-03-10,7942,7942.0,6104.0,7176.0,7942,0,34.4,919.85,165.31,3,10,3,0,0
2016-03-11,7777,7777.0,5819.0,6038.0,7777,0,34.5,926.42,156.42,4,11,3,1,0
2016-03-12,7995,7995.0,6122.0,6699.0,7995,0,34.2,936.04,163.29,5,12,3,1,0
2016-03-13,7781,7781.0,6342.0,6476.0,7781,202,31.2,923.16,163.47,6,13,3,0,0
2016-03-14,7865,7865.0,5890.0,6856.0,7865,0,31.6,935.64,160.72,0,14,3,0,0
2016-03-15,8000,7613.0,5747.0,6839.0,7613,348,32.6,928.8,159.81,1,15,3,0,0
2016-03-16,8000,7814.0,5655.0,6707.0,7814,167,32.2,930.26,162.22,2,16,3,0,0
2016-03-17,7801,7801.0,5903.0,6804.0,7801,0,33.5,935.08,160.48,3,17,3,0,0
2016-03-18,7588,7588.0,5493.0,5684.0,7588,0,33.8,898.34,147.56,4,18,3,1,0
2016-03-19,7711,7711.0,4820.0,6611.0,7711,0,31.0,889.93,148.86,5,19,3,1,0
2016-03-20,7711,7711.0,5599.0,6959.0,7711,0,32.0,913.13,180.6,6,20,3,0,0
2016-03-21,7950,7584.0,5816.0,6905.0,7584,329,34.8,897.97,160.1,0,21,3,0,0
2016-03-22,7900,7634.0,5408.0,6620.0,7626,247,34.2,908.36,171.01,1,22,3,0,0
2016-03-23,8025,8025.0,6221.0,6997.0,8025,0,34.2,953.91,168.21,2,23,3,0,0
2016-03-24,8050,7923.0,5805.0,7048.0,7923,118,34.5,948.45,163.22,3,24,3,0,0
2016-03-25,7788,7788.0,5758.0,6048.0,7788,0,34.6,947.97,154.17,4,25,3,1,0
2016-03-26,7825,7825.0,5819.0,6576.0,7825,0,34.7,987.87,158.79,5,26,3,1,0
2016-03-27,8088,8088.0,6198.0,6979.0,8088,0,33.2,948.91,167.39,6,27,3,0,0
2016-03-28,7013,7054.0,4993.0,5991.0,7013,0,29.2,891.04,146.23,0,28,3,0,0
2016-03-29,7005,7005.0,4610.0,6245.0,7005,0,33.6,893.97,136.4,1,29,3,0,0
2016-03-30,7352,7352.0,4992.0,6675.0,7352,0,33.8,894.51,143.82,2,30,3,0,0
2016-03-31,7352,7352.0,4992.0,6675.0,7352,0,33.8,894.51,143.82,3,31,3,0,0
2016-04-01,6272,6272.0,1759.0,3634.0,6272,0,27.0,840.5,93.3,4,1,4,1,0
2016-04-02,7338,7338.0,4107.0,5335.0,7338,0,28.0,974.06,127.3,5,2,4,1,0
2016-04-03,7249,7249.0,4733.0,5987.0,7249,0,31.5,927.93,137.7,6,3,4,0,0
2016-04-04,7572,7572.0,4285.0,5867.0,7572,0,33.4,921.81,144.09,0,4,4,0,0
2016-04-05,6889,6889.0,5614.0,6300.0,6889,0,31.2,907.79,149.04,1,5,4,0,0
2016-04-06,7879,7879.0,5152.0,6378.0,7879,0,34.5,1049.58,153.1,2,6,4,0,0
2016-04-07,8157,8157.0,6002.0,6919.0,8157,0,35.2,1022.15,167.03,3,7,4,0,0
2016-04-08,8002,8002.0,5529.0,5803.0,8002,0,36.0,1050.66,169.56,4,8,4,1,0
2016-04-09,8348,8348.0,6045.0,6651.0,8348,0,34.8,1021.29,170.37,5,9,4,1,0
2016-04-10,8280,8329.0,6563.0,7365.0,8280,0,36.0,1011.06,177.75,6,10,4,0,0
2016-04-11,8350,8054.0,6539.0,7389.0,7949,361,36.6,1006.45,176.56,0,11,4,0,0
2016-04-12,8350,8099.0,6835.0,7507.0,8099,226,37.0,1007.35,178.72,1,12,4,0,0
2016-04-13,8250,8050.0,6742.0,7479.0,8050,180,36.8,1006.2,175.98,2,13,4,0,0
2016-04-14,7736,7820.0,6196.0,6739.0,7736,0,38.0,1107.81,168.3,3,14,4,0,0
2016-04-15,7976,7976.0,6064.0,6399.0,7976,0,35.6,1114.22,164.35,4,15,4,1,0
2016-04-16,7800,7588.0,6209.0,6750.0,7586,193,34.6,992.65,167.85,5,16,4,1,0
2016-04-17,8083,8083.0,6375.0,7266.0,8083,0,35.4,1013.67,173.24,6,17,4,0,0
2016-04-18,8200,7991.0,6576.0,7203.0,7985,197,33.8,1047.73,169.27,0,18,4,0,0
2016-04-19,8250,7958.0,6548.0,7363.0,7958,263,36.0,1021.33,176.14,1,19,4,0,0
2016-04-20,8300,8059.0,6650.0,7144.0,8022,250,35.9,1038.03,176.05,2,20,4,0,0
2016-04-21,8300,7948.0,6574.0,7328.0,7942,322,35.5,1049.08,175.43,3,21,4,0,0
2016-04-22,8040,8087.0,5959.0,6522.0,8040,0,36.4,1092.23,167.36,4,22,4,1,0
2016-04-23,8200,7865.0,6516.0,7155.0,7865,302,36.4,1049.02,172.13,5,23,4,1,0
2016-04-24,8300,7668.0,6347.0,7123.0,7522,700,39.0,1029.48,169.72,6,24,4,0,0
2016-04-25,8300,7599.0,6724.0,6981.0,7531,701,37.0,1011.02,170.14,0,25,4,0,0
2016-04-26,8300,7406.0,6527.0,6741.0,7344,860,37.0,1001.71,168.18,1,26,4,0,0
2016-04-27,8300,7573.0,6591.0,6607.0,7573,664,37.0,1018.24,166.23,2,27,4,0,0
2016-04-28,8300,7990.0,6820.0,6880.0,7990,279,36.5,1059.84,172.63,3,28,4,0,0
2016-04-29,8250,8098.0,6391.0,6904.0,8098,137,37.4,1041.61,172.3,4,29,4,1,0
2016-04-30,8400,7934.0,6658.0,6858.0,7396,904,37.0,921.76,171.62,5,30,4,1,0
2016-05-01,5603,7193.0,3493.0,6383.0,5603,0,32.2,838.79,142.06,6,1,5,0,0
2016-05-02,6665,6665.0,3965.0,5930.0,6665,0,33.0,885.23,129.38,0,2,5,0,0
2016-05-03,7800,7513.0,4832.0,6173.0,7400,360,32.4,851.48,154.18,1,3,5,0,0
2016-05-04,7967,7967.0,4613.0,6325.0,7967,0,33.6,918.22,150.75,2,4,5,0,0
2016-05-05,7514,7514.0,5056.0,5908.0,7514,0,35.0,1000.23,146.97,3,5,5,0,0
2016-05-06,7514,7514.0,5056.0,5908.0,7514,0,35.0,1000.23,146.97,4,6,5,1,0
2016-05-07,6626,6626.0,5026.0,6110.0,6626,0,31.6,920.55,139.66,5,7,5,1,0
2016-05-08,8271,8271.0,4438.0,6536.0,8271,0,34.0,1035.47,149.99,6,8,5,0,0
2016-05-09,8026,8026.0,5968.0,7140.0,8026,0,35.6,998.54,170.57,0,9,5,0,0
2016-05-10,8200,7927.0,6089.0,7154.0,7927,246,35.7,991.57,171.57,1,10,5,0,0
2016-05-11,8250,7940.0,5809.0,7010.0,7940,279,36.4,981.07,166.79,2,11,5,0,0
2016-05-12,6479,7772.0,5891.0,7304.0,6479,0,36.0,907.0,166.25,3,12,5,0,0
2016-05-13,7116,6192.0,4012.0,4946.0,6192,0,33.1,811.74,122.25,4,13,5,1,0
2016-05-14,7753,7757.0,4174.0,6145.0,7753,0,34.0,973.66,139.38,5,14,5,1,0
2016-05-15,7692,7733.0,5622.0,6913.0,7692,0,34.7,982.07,159.16,6,15,5,0,0
2016-05-16,7900,7678.0,6045.0,6706.0,7678,200,35.0,949.97,163.85,0,16,5,0,0
2016-05-17,7900,7694.0,6341.0,7003.0,7523,339,35.4,944.22,166.64,1,17,5,0,0
2016-05-18,7850,7688.0,5336.0,6849.0,7688,146,32.8,957.95,149.51,2,18,5,0,0
2016-05-19,7850,7693.0,5334.0,6166.0,7693,141,30.6,936.08,154.75,3,19,5,0,0
2016-05-20,7425,7425.0,4918.0,5505.0,7425,0,28.8,911.51,142.55,4,20,5,1,0
2016-05-21,6168,6168.0,3653.0,4100.0,6168,0,26.2,870.93,113.48,5,21,5,1,0
2016-05-22,7434,7434.0,4410.0,6213.0,7434,0,33.0,994.61,142.53,6,22,5,0,0
2016-05-23,7775,7775.0,4876.0,5581.0,7775,0,35.0,990.27,156.31,0,23,5,0,0
2016-05-24,7775,7775.0,4876.0,5581.0,7775,0,35.0,990.27,156.31,1,24,5,0,0
2016-05-25,6205,7093.0,4188.0,6688.0,6205,0,34.1,921.24,146.53,2,25,5,0,0
2016-05-26,7667,7667.0,4924.0,6535.0,7610,0,34.6,973.09,153.3,3,26,5,0,0
2016-05-27,8300,7573.0,6591.0,6607.0,7573,664,37.0,1018.24,166.23,4,27,5,1,0
2016-05-28,8001,8001.0,5251.0,6026.0,8001,0,29.0,1067.55,153.93,5,28,5,1,0
2016-05-29,8067,8067.0,5601.0,7239.0,8067,0,34.2,1021.5,163.72,6,29,5,0,0
2016-05-30,8100,7909.0,5842.0,7112.0,7909,172,35.5,1003.92,168.04,0,30,5,0,0
2016-05-31,7775,7775.0,6010.0,7083.0,7775,0,34.7,997.81,167.15,1,31,5,0,0
2016-06-01,8200,7982.0,5494.0,6964.0,7982,196,32.8,1016.31,164.74,2,1,6,0,0
2016-06-02,8400,8236.0,6383.0,7344.0,8236,148,35.4,1029.45,176.56,3,2,6,0,0
2016-06-03,8250,8049.0,6358.0,6742.0,8049,181,36.0,983.44,172.55,4,3,6,1,0
2016-06-04,8400,8148.0,6429.0,7043.0,8076,292,35.0,1038.07,182.39,5,4,6,1,0
2016-06-05,8482,8482.0,6605.0,7040.0,8482,0,34.6,1045.3,180.23,6,5,6,0,0
2016-06-06,8600,8420.0,6762.0,7476.0,8367,210,32.5,1044.85,180.47,0,6,6,0,0
2016-06-07,8357,8357.0,6317.0,7163.0,8357,0,32.9,1043.52,189.28,1,7,6,0,0
2016-06-08,8650,8510.0,5921.0,7199.0,8510,126,34.0,1081.79,176.31,2,8,6,0,0
2016-06-09,8387,8387.0,6449.0,7189.0,8387,0,31.5,1076.57,177.65,3,9,6,0,0
2016-06-10,8402,8402.0,6077.0,6536.0,8402,0,33.0,1083.87,170.14,4,10,6,1,0
2016-06-11,8226,8226.0,5066.0,5066.0,8226,0,34.3,1024.85,163.1,5,11,6,1,0
2016-06-12,7774,7774.0,4767.0,6176.0,7774,0,29.5,974.96,151.46,6,12,6,0,0
2016-06-13,8285,8285.0,4884.0,6389.0,8285,0,31.2,1026.31,156.39,0,13,6,0,0
2016-06-14,8551,8551.0,5614.0,6737.0,8551,0,32.6,1054.34,168.39,1,14,6,0,0
2016-06-15,8776,8776.0,6000.0,7014.0,8776,0,32.8,1067.73,175.06,2,15,6,0,0
2016-06-16,8711,8711.0,5973.0,7108.0,8711,0,34.2,1072.36,195.05,3,16,6,0,0
2016-06-17,8512,8512.0,6045.0,6296.0,8512,0,33.7,1079.96,171.76,4,17,6,1,0
2016-06-18,8700,8617.0,6133.0,6684.0,8582,106,34.8,1086.71,177.38,5,18,6,1,0
2016-06-19,8671,8671.0,6547.0,7507.0,8671,0,34.0,1063.47,184.62,6,19,6,0,0
2016-06-20,8800,8679.0,6646.0,7209.0,8679,109,35.3,1072.29,182.47,0,20,6,0,0
2016-06-21,8800,8647.0,6663.0,7377.0,8590,189,34.7,1115.71,185.87,1,21,6,0,0
2016-06-22,8750,8450.0,6623.0,7330.0,8447,273,34.7,1096.47,182.26,2,22,6,0,0
2016-06-23,8738,8738.0,6699.0,7290.0,8738,0,33.8,1074.51,182.96,3,23,6,0,0
2016-06-24,8698,8698.0,6516.0,6611.0,8698,0,34.6,1076.92,176.16,4,24,6,1,0
2016-06-25,8698,8698.0,6516.0,6611.0,8698,0,34.6,1076.92,176.16,5,25,6,1,0
2016-06-26,8900,8662.0,6792.0,7889.0,8662,214,32.5,1075.11,188.44,6,26,6,0,0
2016-06-27,8900,8669.0,7203.0,7674.0,8669,208,35.0,1077.92,188.64,0,27,6,0,0
2016-06-28,8900,8749.0,6982.0,7682.0,8749,136,34.6,1112.31,195.96,1,28,6,0,0
2016-06-29,8950,8968.0,7196.0,7559.0,8950,0,34.8,1088.99,194.46,2,29,6,0,0
2016-06-30,8950,8968.0,7196.0,7559.0,8950,0,34.8,1088.99,194.46,3,30,6,0,1
2016-07-01,8950,8968.0,7196.0,7559.0,8950,0,34.8,1088.99,194.46,4,1,7,1,1
2016-07-02,8327,8367.0,6356.0,6946.0,8327,0,32.2,1102.91,176.94,5,2,7,1,1
2016-07-03,8066,8080.0,5781.0,6253.0,8066,0,31.3,1060.6,164.44,6,3,7,0,1
2016-07-04,7643,7643.0,4960.0,5560.0,7643,0,30.8,980.09,148.08,0,4,7,0,1
2016-07-05,7265,7265.0,4336.0,4701.0,7265,0,28.5,939.94,134.61,1,5,7,0,1
2016-07-06,7241,7241.0,4237.0,4632.0,7241,0,28.8,924.18,133.45,2,6,7,0,1
2016-07-07,7162,7167.0,4630.0,5351.0,7162,0,33.6,1033.46,135.1,3,7,7,0,1
2016-07-08,7339,7339.0,4908.0,5164.0,7339,0,33.6,983.6,140.8,4,8,7,1,1
2016-07-09,7361,7422.0,5050.0,5271.0,7361,0,33.5,992.62,143.85,5,9,7,1,1
2016-07-10,7767,7767.0,5277.0,5653.0,7767,0,33.0,1008.53,158.39,6,10,7,0,1
2016-07-11,8120,8120.0,5448.0,6213.0,8120,0,33.4,1050.73,157.77,0,11,7,0,1
2016-07-12,8197,8197.0,5695.0,6476.0,8197,0,33.4,1037.68,164.82,1,12,7,0,1
2016-07-13,8366,8366.0,6089.0,6861.0,8366,0,33.5,1060.61,172.08,2,13,7,0,1
2016-07-14,8528,8528.0,6445.0,7276.0,8528,0,34.5,1052.09,178.91,3,14,7,0,1
2016-07-15,8319,8319.0,5906.0,6405.0,8319,0,33.2,1027.32,167.25,4,15,7,1,1
2016-07-16,7990,7990.0,5459.0,6621.0,7990,0,29.5,1036.21,162.03,5,16,7,1,1
2016-07-17,8207,8207.0,5722.0,6712.0,8207,0,32.5,1018.93,165.45,6,17,7,0,1
2016-07-18,8479,8479.0,5132.0,6547.0,8479,0,31.0,1040.86,161.46,0,18,7,0,1
2016-07-19,8615,8615.0,5765.0,6778.0,8615,0,31.5,1065.2,169.11,1,19,7,0,1
2016-07-20,8650,8477.0,6135.0,7103.0,8477,156,32.0,1071.83,174.71,2,20,7,0,1
2016-07-21,8371,8371.0,6430.0,7094.0,8371,0,31.9,1008.67,175.77,3,21,7,0,1
2016-07-22,7939,7939.0,5761.0,5816.0,7939,0,30.8,1018.75,168.05,4,22,7,1,1
2016-07-23,8259,8263.0,5911.0,6585.0,8259,0,31.1,978.21,164.05,5,23,7,1,1
2016-07-24,8375,8375.0,6086.0,6829.0,8375,0,32.2,991.66,169.4,6,24,7,0,1
2016-07-25,8216,8216.0,6028.0,6877.0,8216,0,31.8,992.93,167.19,0,25,7,0,1
2016-07-26,8400,8343.0,5518.0,6779.0,8260,126,30.7,1027.33,164.67,1,26,7,0,1
2016-07-27,8354,8402.0,6010.0,6881.0,8354,0,33.5,1082.95,172.41,2,27,7,0,1
2016-07-28,8616,8616.0,6243.0,7443.0,8616,0,33.5,1067.95,179.05,3,28,7,0,1
2016-07-29,8277,8277.0,5956.0,6101.0,8277,0,31.8,1036.25,167.27,4,29,7,1,1
2016-07-30,8300,8035.0,6300.0,7080.0,7984,284,33.5,1059.75,173.72,5,30,7,1,1
2016-07-31,8300,8035.0,6300.0,7080.0,7984,284,33.5,1059.75,173.72,6,31,7,0,1
2016-08-01,8472,8472.0,6272.0,7212.0,8472,0,33.6,1052.78,180.01,0,1,8,0,1
2016-08-02,8414,8414.0,5960.0,7070.0,8414,0,33.8,1016.52,183.65,1,2,8,0,1
2016-08-03,8650,8477.0,6304.0,7387.0,8477,156,33.8,1033.91,180.5,2,3,8,0,1
2016-08-04,8600,8312.0,6610.0,7384.0,8312,259,35.0,1015.85,181.27,3,4,8,0,1
2016-08-05,8322,8322.0,5929.0,6225.0,8322,0,33.3,1036.55,168.68,4,5,8,1,1
2016-08-06,8438,8438.0,5993.0,6822.0,8438,0,31.8,1060.88,173.52,5,6,8,1,1
2016-08-07,8620,8501.0,6175.0,7267.0,8501,107,32.6,1049.86,176.88,6,7,8,0,1
2016-08-08,8600,8431.0,6602.0,7277.0,8431,152,33.3,1044.66,187.46,0,8,8,0,1
2016-08-09,8350,8130.0,6519.0,7021.0,8130,198,31.6,1009.14,176.38,1,9,8,0,1
2016-08-10,7682,7682.0,4781.0,5998.0,7682,0,28.8,959.16,149.6,2,10,8,0,1
2016-08-11,8165,8165.0,5336.0,6931.0,8165,0,32.6,995.29,161.25,3,11,8,0,1
2016-08-12,8297,8297.0,5658.0,6210.0,8297,0,33.8,1017.85,163.46,4,12,8,1,1
2016-08-13,8550,8395.0,6466.0,7359.0,8342,187,33.5,1041.54,177.77,5,13,8,1,1
2016-08-14,8700,8418.0,6647.0,7383.0,8418,254,33.4,1067.45,181.95,6,14,8,0,1
2016-08-15,8461,8461.0,6425.0,6935.0,8461,0,34.8,1096.39,178.36,0,15,8,0,1
2016-08-16,7727,7908.0,6346.0,7253.0,7727,0,33.8,1087.55,171.58,1,16,8,0,1
2016-08-17,8073,8073.0,6118.0,6719.0,8073,0,31.0,1087.55,169.43,2,17,8,0,1
2016-08-18,8700,8572.0,6274.0,7347.0,8501,115,32.6,1087.55,177.22,3,18,8,0,1
2016-08-19,8466,8466.0,6384.0,6699.0,8466,0,34.8,1087.55,174.55,4,19,8,1,1
2016-08-20,8700,8504.0,6868.0,7248.0,8479,199,33.6,0.0,184.18,5,20,8,1,1
2016-08-21,6406,8293.0,5108.0,6737.0,6406,0,29.6,1087.55,160.69,6,21,8,0,1
2016-08-22,8700,8560.0,4923.0,6533.0,8502,178,32.2,1087.55,159.88,0,22,8,0,1
2016-08-23,8800,8680.0,6305.0,7171.0,8680,108,33.2,1087.55,189.11,1,23,8,0,1
2016-08-24,8750,8369.0,7014.0,7595.0,8364,347,34.6,1087.55,186.29,2,24,8,0,1
2016-08-25,8700,8142.0,6678.0,7195.0,8003,627,36.1,1087.55,179.71,3,25,8,0,1
2016-08-26,8600,8477.0,5678.0,6593.0,8271,295,33.2,1087.55,165.18,4,26,8,1,1
2016-08-27,8800,8569.0,6462.0,7253.0,8569,208,35.5,1064.39,181.19,5,27,8,1,1
2016-08-28,8800,8449.0,6615.0,7518.0,8449,316,32.2,1043.78,184.23,6,28,8,0,1
2016-08-29,8950,8602.0,6824.0,7514.0,8602,313,34.2,1069.32,186.4,0,29,8,0,1
2016-08-30,9000,8719.0,6881.0,7579.0,8700,270,35.3,1071.87,186.87,1,30,8,0,1
2016-08-31,8900,8545.0,6821.0,7542.0,8495,365,33.7,1073.75,184.37,2,31,8,0,1
2016-09-01,8800,8482.0,6551.0,7339.0,8482,286,33.4,1011.28,182.04,3,1,9,0,1
2016-09-02,8500,8253.0,6117.0,6505.0,8107,354,32.8,991.52,172.68,4,2,9,1,1
2016-09-03,8650,8220.0,6060.0,6735.0,8220,387,32.6,1049.78,173.75,5,3,9,1,1
2016-09-04,8700,8224.0,6606.0,7391.0,8212,439,32.5,1015.93,180.02,6,4,9,0,1
2016-09-05,8800,8409.0,6528.0,7096.0,8409,352,32.5,1044.73,198.23,0,5,9,0,1
2016-09-06,8700,8325.0,6342.0,7111.0,8304,356,31.4,1038.55,179.25,1,6,9,0,1
2016-09-07,8900,8566.0,6695.0,7031.0,8566,301,32.8,1056.44,183.32,2,7,9,0,1
2016-09-08,8890,8890.0,6664.0,7577.0,8890,0,33.6,1081.55,186.6,3,8,9,0,1
2016-09-09,8800,8653.0,6429.0,6909.0,8653,132,34.4,1043.83,178.7,4,9,9,1,1
2016-09-10,8450,8311.0,6496.0,6826.0,8295,140,34.2,1104.98,173.14,5,10,9,1,1
2016-09-11,7976,7976.0,6120.0,6319.0,7976,0,32.8,1123.84,167.0,6,11,9,0,1
2016-09-12,7593,7593.0,5236.0,5399.0,7593,0,32.3,1022.94,148.26,0,12,9,0,1
2016-09-13,7345,7345.0,4317.0,4403.0,7345,0,29.2,978.94,135.7,1,13,9,0,1
2016-09-14,7461,7461.0,5046.0,5348.0,7461,0,32.6,1018.84,144.33,2,14,9,0,1
2016-09-15,7461,7461.0,5046.0,5348.0,7461,0,32.6,1018.84,144.33,3,15,9,0,1
2016-09-16,7679,7716.0,5368.0,5639.0,7716,0,33.8,986.42,161.67,4,16,9,1,1
2016-09-17,7965,7965.0,5916.0,6223.0,7965,0,34.7,1008.92,160.27,5,17,9,1,1
2016-09-18,8300,8082.0,5908.0,6772.0,8082,196,33.0,985.15,166.68,6,18,9,0,1
2016-09-19,8350,8204.0,6031.0,6747.0,8183,150,29.7,1000.44,171.02,0,19,9,0,1
2016-09-20,8400,8285.0,5196.0,6533.0,8285,104,31.1,954.84,170.79,1,20,9,0,1
2016-09-21,8350,8210.0,6101.0,7024.0,8179,154,31.8,996.23,173.39,2,21,9,0,1
2016-09-22,8550,8401.0,6094.0,7133.0,8401,134,32.7,1049.55,174.88,3,22,9,0,1
2016-09-23,8085,8085.0,5918.0,6255.0,8215,0,34.0,1048.5,166.97,4,23,9,1,1
2016-09-24,8790,8790.0,6206.0,7007.0,8790,0,32.2,1094.86,176.08,5,24,9,1,1
2016-09-25,8484,8484.0,6374.0,6933.0,8484,0,34.1,1051.94,176.03,6,25,9,0,1
2016-09-26,8484,8484.0,6374.0,6933.0,8484,0,34.1,1051.94,176.03,0,26,9,0,1
2016-09-27,8700,8700.0,6306.0,7294.0,8700,0,34.4,1056.47,181.04,1,27,9,0,1
2016-09-28,8750,8628.0,6306.0,7209.0,8593,141,30.2,1012.95,182.47,2,28,9,0,1
2016-09-29,8750,8628.0,6306.0,7209.0,8593,141,30.2,1012.95,182.47,3,29,9,0,1
2016-09-30,8739,8739.0,6210.0,6431.0,8739,0,34.4,1056.94,178.42,4,30,9,1,2
2016-10-01,8800,8606.0,6305.0,7395.0,8570,207,34.0,994.35,181.99,5,1,10,1,2
2016-10-02,8900,8789.0,6975.0,7490.0,8789,100,32.3,1047.56,186.15,6,2,10,0,2
2016-10-03,8900,8692.0,6754.0,7367.0,8640,234,34.0,1032.8,187.77,0,3,10,0,2
2016-10-04,8900,8681.0,6860.0,7553.0,8681,197,35.5,1012.46,179.61,1,4,10,0,2
2016-10-05,8900,8784.0,6528.0,7612.0,8748,137,32.8,1061.33,184.63,2,5,10,0,2
2016-10-06,8850,8704.0,6651.0,7467.0,8704,131,30.4,1052.3,186.06,3,6,10,0,2
2016-10-07,8614,8614.0,5995.0,6280.0,8590,0,31.8,1033.61,173.33,4,7,10,1,2
2016-10-08,8804,8804.0,6380.0,7401.0,8804,0,32.6,1101.89,181.29,5,8,10,1,2
2016-10-09,8864,8864.0,6514.0,7345.0,8864,0,33.0,1073.19,184.96,6,9,10,0,2
2016-10-10,8606,8606.0,6433.0,7327.0,8606,0,33.5,1024.21,176.09,0,10,10,0,2
2016-10-11,7914,7914.0,5649.0,6416.0,7914,0,30.2,966.49,158.45,1,11,10,0,2
2016-10-12,8105,8105.0,5095.0,5898.0,8105,0,31.4,951.93,155.8,2,12,10,0,2
2016-10-13,8198,8198.0,5620.0,6963.0,8198,0,33.0,983.23,166.83,3,13,10,0,2
2016-10-14,7993,7993.0,5450.0,5998.0,7977,0,32.4,997.55,157.14,4,14,10,1,2
2016-10-15,8700,8568.0,5570.0,6521.0,8568,119,33.5,1020.59,167.34,5,15,10,1,2
2016-10-16,8630,8630.0,6004.0,7494.0,8630,0,34.4,1030.52,176.39,6,16,10,0,2
2016-10-17,8650,8609.0,6204.0,7402.0,8495,140,34.7,1015.58,185.48,0,17,10,0,2
2016-10-18,8694,8694.0,6542.0,7567.0,8694,0,34.6,1009.09,183.91,1,18,10,0,2
2016-10-19,8802,8802.0,6507.0,7472.0,8802,0,34.7,995.66,184.22,2,19,10,0,2
2016-10-20,8640,8640.0,6426.0,7407.0,8640,0,36.0,973.25,182.79,3,20,10,0,2
2016-10-21,8275,8275.0,5686.0,6410.0,8275,0,35.8,988.57,165.23,4,21,10,1,2
2016-10-22,8275,8275.0,5686.0,6410.0,8275,0,35.8,988.57,165.23,5,22,10,1,2
2016-10-23,8547,8547.0,5739.0,7098.0,8547,0,33.2,1005.23,170.31,6,23,10,0,2
2016-10-24,8676,8676.0,5733.0,7024.0,8676,0,32.5,1015.19,169.2,0,24,10,0,2
2016-10-25,8742,8742.0,5827.0,7100.0,8742,0,34.0,1032.29,172.83,1,25,10,0,2
2016-10-26,8850,8850.0,6130.0,7376.0,8850,0,33.8,1022.56,178.4,2,26,10,0,2
2016-10-27,8214,8214.0,5640.0,6357.0,8214,0,30.2,942.52,163.29,3,27,10,0,2
2016-10-28,7532,7532.0,5213.0,5760.0,7532,0,30.5,913.93,148.85,4,28,10,1,2
2016-10-29,7532,7532.0,5213.0,5760.0,7532,0,30.5,913.93,148.85,5,29,10,1,2
2016-10-30,8460,8460.0,5580.0,6903.0,8460,0,32.5,988.73,166.62,6,30,10,0,2
2016-10-31,8559,8559.0,5766.0,7147.0,8559,0,33.0,991.79,170.78,0,31,10,0,2
2016-11-01,8800,8606.0,6305.0,7395.0,8570,207,34.0,994.35,181.99,1,1,11,0,2
2016-11-02,8493,8493.0,6006.0,7175.0,8493,0,34.1,1008.17,175.02,2,2,11,0,2
2016-11-03,8497,8497.0,6149.0,7446.0,8497,0,34.5,974.79,176.5,3,3,11,0,2
2016-11-04,7263,7263.0,4840.0,5301.0,7263,0,28.5,868.0,147.38,4,4,11,1,2
2016-11-05,6583,6583.0,4800.0,5781.0,6583,0,25.0,799.09,132.3,5,5,11,1,2
2016-11-06,7200,7200.0,3800.0,5368.0,7153,0,24.2,833.34,123.25,6,6,11,0,2
2016-11-07,7536,7536.0,4360.0,5781.0,7536,0,27.4,827.95,136.56,0,7,11,0,2
2016-11-08,7598,7598.0,4505.0,5922.0,7598,0,30.2,841.36,149.94,1,8,11,0,2
2016-11-09,7630,7630.0,4508.0,5998.0,7630,0,31.2,880.24,141.25,2,9,11,0,2
2016-11-10,7615,7615.0,4698.0,6041.0,7615,0,30.7,862.8,141.75,3,10,11,0,2
2016-11-11,6818,6818.0,4438.0,4859.0,6818,0,29.5,843.68,126.56,4,11,11,1,2
2016-11-12,7485,7485.0,4390.0,5531.0,7485,0,30.1,895.41,136.54,5,12,11,1,2
2016-11-13,7724,7724.0,4573.0,6043.0,7724,0,30.8,926.3,141.16,6,13,11,0,2
2016-11-14,7724,7724.0,4573.0,6043.0,7724,0,30.8,926.3,141.16,0,14,11,0,2
2016-11-15,7555,7555.0,4533.0,5802.0,7555,0,29.8,932.07,139.27,1,15,11,0,2
2016-11-16,7662,7662.0,4498.0,5729.0,7662,0,30.4,883.29,139.61,2,16,11,0,2
2016-11-17,7662,7662.0,4498.0,5729.0,7662,0,30.4,883.29,139.61,3,17,11,0,2
2016-11-18,7662,7662.0,4498.0,5729.0,7662,0,30.4,883.29,139.61,4,18,11,1,2
2016-11-19,7464,7464.0,4149.0,5373.0,7464,0,29.8,896.28,130.94,5,19,11,1,2
2016-11-20,7366,7366.0,4347.0,5624.0,7366,0,28.5,875.32,134.32,6,20,11,0,2
2016-11-21,7462,7462.0,4406.0,5743.0,7462,0,29.8,882.42,136.05,0,21,11,0,2
2016-11-22,7445,7445.0,4365.0,5722.0,7445,0,28.5,890.03,135.53,1,22,11,0,2
2016-11-23,7428,7376.0,4364.0,5673.0,7376,0,28.5,884.59,136.92,2,23,11,0,2
2016-11-24,7406,7406.0,4342.0,5728.0,7406,0,29.5,850.76,135.6,3,24,11,0,2
2016-11-25,6723,6723.0,4299.0,4522.0,6723,0,29.2,792.04,120.79,4,25,11,1,2
2016-11-26,7253,7253.0,4129.0,5286.0,7253,0,28.4,839.88,129.6,5,26,11,1,2
2016-11-27,7450,7450.0,4286.0,5609.0,7450,0,28.5,850.53,134.05,6,27,11,0,2
2016-11-28,7486,7488.0,4384.0,5511.0,7488,0,28.8,865.75,133.91,0,28,11,0,2
2016-11-29,7486,7488.0,4384.0,5511.0,7488,0,28.8,865.75,133.91,1,29,11,0,2
2016-11-30,7601,7601.0,4341.0,5735.0,7601,0,29.2,866.04,137.49,2,30,11,0,2
2016-12-01,7550,7550.0,4422.0,5504.0,7550,0,29.6,865.88,136.53,3,1,12,0,2
2016-12-02,6811,6811.0,4391.0,4816.0,6811,0,29.6,869.35,122.73,4,2,12,1,2
2016-12-03,7551,7551.0,4200.0,5403.0,7551,0,29.5,880.13,131.89,5,3,12,1,2
2016-12-04,7642,7642.0,4436.0,5558.0,7642,0,30.4,887.28,137.61,6,4,12,0,2
2016-12-05,7557,7557.0,4407.0,5628.0,7557,0,29.6,857.5,136.53,0,5,12,0,2
2016-12-06,7549,7549.0,4266.0,5648.0,7549,0,29.6,854.97,143.04,1,6,12,0,2
2016-12-07,7589,7589.0,4247.0,5817.0,7589,0,30.7,845.45,135.27,2,7,12,0,2
2016-12-08,7499,7499.0,4336.0,5828.0,7499,0,31.0,834.68,135.31,3,8,12,0,2
2016-12-09,6668,6668.0,4295.0,4638.0,6668,0,28.4,825.01,120.58,4,9,12,1,2
2016-12-10,7267,7267.0,3963.0,5116.0,7267,0,28.8,865.34,128.34,5,10,12,1,2
2016-12-11,7360,7360.0,4214.0,5446.0,7360,0,28.2,849.1,131.06,6,11,12,0,2
2016-12-12,7459,7459.0,4195.0,5576.0,7459,0,27.2,852.34,133.39,0,12,12,0,2
2016-12-13,7056,7056.0,4114.0,5110.0,7056,0,25.8,824.41,126.03,1,13,12,0,2
2016-12-14,7395,7395.0,3949.0,5361.0,7395,0,25.7,838.42,132.08,2,14,12,0,2
2016-12-15,7431,7431.0,4062.0,5577.0,7431,0,26.3,842.81,130.0,3,15,12,0,2
2016-12-16,6224,6224.0,3845.0,4222.0,6224,0,26.8,771.14,111.76,4,16,12,1,2
2016-12-17,7192,7192.0,3626.0,5158.0,7192,0,26.7,884.84,123.19,5,17,12,1,2
2016-12-18,7258,7258.0,4202.0,5518.0,7258,0,26.8,892.52,139.14,6,18,12,0,2
2016-12-19,7304,7304.0,4165.0,5450.0,7304,0,26.0,869.68,131.65,0,19,12,0,2
2016-12-20,7362,7362.0,4144.0,5468.0,7362,0,26.8,863.82,142.51,1,20,12,0,2
2016-12-21,7331,7331.0,4147.0,5451.0,7324,0,25.8,855.09,131.38,2,21,12,0,2
2016-12-22,7331,7331.0,4147.0,5451.0,7324,0,25.8,855.09,131.38,3,22,12,0,2
2016-12-23,7331,7331.0,4147.0,5451.0,7324,0,25.8,855.09,131.38,4,23,12,1,2
2016-12-24,7331,7331.0,4147.0,5451.0,7324,0,25.8,855.09,131.38,5,24,12,1,2
2016-12-25,7331,7331.0,4147.0,5451.0,7324,0,25.8,855.09,131.38,6,25,12,0,2
2016-12-26,7405,7405.0,4346.0,5594.0,7405,0,27.5,824.47,134.21,0,26,12,0,2
2016-12-27,7385,7385.0,4173.0,5500.0,7385,0,26.5,853.35,132.54,1,27,12,0,2
2016-12-28,7495,7495.0,4202.0,5667.0,7495,0,25.8,817.59,133.6,2,28,12,0,2
2016-12-29,7427,7427.0,4243.0,5648.0,7427,0,25.8,823.46,133.86,3,29,12,0,2
2016-12-30,6595,6595.0,4212.0,4759.0,6595,0,26.8,800.03,118.85,4,30,12,1,2
2016-12-31,7291,7291.0,3945.0,5158.0,7291,0,26.2,861.6,128.38,5,31,12,1,2
2017-01-01,7294,7294.0,4197.0,5518.0,7294,0,26.8,874.31,131.42,6,1,1,0,2
2017-01-02,7400,7400.0,4169.0,5464.0,7400,0,27.8,878.64,131.71,0,2,1,0,2
2017-01-03,7371,7371.0,4163.0,5631.0,7371,0,27.2,853.86,132.4,1,3,1,0,0
2017-01-04,7458,7458.0,4210.0,5485.0,7458,0,26.6,847.21,132.74,2,4,1,0,0
2017-01-05,7373,7373.0,4248.0,5613.0,7373,0,23.9,827.34,140.5,3,5,1,0,0
2017-01-06,6542,6542.0,4200.0,4901.0,6542,0,23.6,787.69,119.37,4,6,1,1,0
2017-01-07,7279,7279.0,3771.0,5247.0,7279,0,26.0,872.45,125.65,5,7,1,1,0
2017-01-08,7376,7376.0,4191.0,5626.0,7376,0,27.0,882.9,132.45,6,8,1,0,0
2017-01-09,7457,7457.0,4195.0,5661.0,7457,0,27.3,860.56,134.09,0,9,1,0,0
2017-01-10,7438,7438.0,4202.0,5702.0,7438,0,25.6,869.74,134.48,1,10,1,0,0
2017-01-11,7553,7553.0,4190.0,5865.0,7553,0,25.0,869.72,136.17,2,11,1,0,0
2017-01-12,7369,7369.0,4310.0,5731.0,7369,0,25.0,865.82,134.1,3,12,1,0,0
2017-01-13,6674,6674.0,4219.0,4953.0,6674,0,23.2,849.41,120.6,4,13,1,1,0
2017-01-14,7384,7384.0,3926.0,5264.0,7384,0,23.4,895.98,129.99,5,14,1,1,0
2017-01-15,7225,7225.0,4246.0,5588.0,7225,0,25.6,887.38,132.15,6,15,1,0,0
2017-01-16,7319,7319.0,4242.0,5752.0,7319,0,25.0,894.47,133.6,0,16,1,0,0
2017-01-17,7547,7547.0,4359.0,5864.0,7547,0,26.2,870.14,136.61,1,17,1,0,0
2017-01-18,7476,7476.0,4401.0,5884.0,7476,0,26.3,887.11,137.84,2,18,1,0,0
2017-01-19,7497,7497.0,4492.0,6039.0,7497,0,28.0,976.89,139.99,3,19,1,0,0
2017-01-20,6759,6759.0,4493.0,5270.0,6759,0,26.2,843.58,126.36,4,20,1,1,0
2017-01-21,7493,7493.0,4222.0,5668.0,7493,0,27.2,913.55,134.83,5,21,1,1,0
2017-01-22,7440,7440.0,4648.0,5907.0,7440,0,27.8,885.32,138.08,6,22,1,0,0
2017-01-23,7561,7561.0,4634.0,6043.0,7561,0,26.7,903.79,141.73,0,23,1,0,0
2017-01-24,7690,7690.0,4649.0,6202.0,7690,0,28.2,924.09,143.73,1,24,1,0,0
2017-01-25,7673,7673.0,4658.0,6164.0,7673,0,27.7,938.99,144.81,2,25,1,0,0
2017-01-26,7836,7836.0,4793.0,6198.0,7836,0,30.2,870.34,146.74,3,26,1,0,0
2017-01-27,7003,7003.0,4846.0,5462.0,6942,0,27.7,872.57,133.69,4,27,1,1,0
2017-01-28,7643,7643.0,4436.0,5906.0,7643,0,26.4,910.5,138.92,5,28,1,1,0
2017-01-29,7655,7655.0,4690.0,6257.0,7655,0,25.8,902.26,145.37,6,29,1,0,0
2017-01-30,7713,7713.0,4743.0,6216.0,7713,0,25.7,819.73,145.58,0,30,1,0,0
2017-01-31,7723,7723.0,4772.0,6332.0,7723,0,26.3,815.16,145.17,1,31,1,0,0
2017-02-01,7764,7764.0,4676.0,6420.0,7764,0,27.4,789.97,145.55,2,1,2,0,0
2017-02-02,7728,7728.0,4490.0,6532.0,7728,0,26.4,834.12,145.01,3,2,2,0,0
2017-02-03,6870,6870.0,4637.0,5404.0,6870,0,25.2,847.44,129.98,4,3,2,1,0
2017-02-04,6870,6870.0,4637.0,5404.0,6870,0,25.2,847.44,129.98,5,4,2,1,0
2017-02-05,7576,7576.0,4523.0,6382.0,7576,0,32.0,852.06,142.91,6,5,2,0,0
2017-02-06,7576,7576.0,4523.0,6382.0,7576,0,32.0,852.06,142.91,0,6,2,0,0
2017-02-07,7941,7941.0,4793.0,6589.0,7941,0,30.2,857.99,149.28,1,7,2,0,0
2017-02-08,7820,7820.0,4793.0,6469.0,7820,0,29.0,853.51,147.94,2,8,2,0,0
2017-02-09,7796,7796.0,4861.0,6640.0,7796,0,28.2,844.98,149.71,3,9,2,0,0
2017-02-10,6955,6955.0,4823.0,5432.0,6955,0,29.0,823.56,131.33,4,10,2,1,0
2017-02-11,7616,7616.0,4485.0,5970.0,7616,0,29.0,876.02,141.85,5,11,2,1,0
2017-02-12,7845,7845.0,4732.0,6298.0,7845,0,30.1,857.86,148.02,6,12,2,0,0
2017-02-13,7806,7806.0,4833.0,6665.0,7806,0,29.7,859.66,150.99,0,13,2,0,0
2017-02-14,7860,7860.0,4827.0,6578.0,7860,0,29.5,842.41,149.85,1,14,2,0,0
2017-02-15,7806,7806.0,5055.0,6510.0,7806,0,29.8,842.45,150.7,2,15,2,0,0
2017-02-16,7849,7849.0,5020.0,6773.0,7849,0,29.5,845.83,151.85,3,16,2,0,0
2017-02-17,7137,7137.0,5174.0,5518.0,7137,0,30.2,823.83,137.05,4,17,2,1,0
2017-02-18,7797,7797.0,4794.0,5955.0,7797,0,31.3,890.02,148.51,5,18,2,1,0
2017-02-19,8059,8059.0,5178.0,6684.0,8059,0,30.0,911.57,153.99,6,19,2,0,0
2017-02-20,8042,8042.0,5144.0,6677.0,8042,0,28.4,898.69,154.45,0,20,2,0,0
2017-02-21,7547,7547.0,5019.0,5604.0,7547,0,31.2,933.43,145.01,1,21,2,0,0
2017-02-22,8323,8323.0,5109.0,6783.0,8323,0,30.7,974.95,156.97,2,22,2,0,0
2017-02-23,8139,8139.0,4808.0,6844.0,8139,0,30.5,940.42,154.01,3,23,2,0,0
2017-02-24,7266,7266.0,5242.0,5607.0,7266,0,29.8,853.88,140.12,4,24,2,1,0
2017-02-25,7921,7921.0,4768.0,6076.0,7921,0,29.0,878.81,144.29,5,25,2,1,0
2017-02-26,7795,7803.0,4886.0,6729.0,7803,0,29.8,926.45,151.81,6,26,2,0,0
2017-02-27,8011,8011.0,5085.0,6662.0,8011,0,30.8,962.69,152.74,0,27,2,0,0
2017-02-28,8011,8011.0,5085.0,6662.0,8011,0,30.8,962.69,152.74,1,28,2,0,0
2017-03-01,7962,7962.0,5211.0,6911.0,7962,0,31.5,892.27,161.74,2,1,3,0,0
2017-03-02,7962,7962.0,5211.0,6911.0,7962,0,31.5,892.27,161.74,3,2,3,0,0
2017-03-03,7692,7692.0,5213.0,5737.0,7692,0,33.2,924.58,147.7,4,3,3,1,0
2017-03-04,8176,8176.0,5345.0,6253.0,8176,0,28.6,936.7,153.61,5,4,3,1,0
2017-03-05,7488,7488.0,5348.0,6835.0,7488,0,30.4,882.48,154.34,6,5,3,0,0
2017-03-06,8063,8063.0,4197.0,6156.0,8063,0,30.2,913.98,144.37,0,6,3,0,0
2017-03-07,8264,8264.0,5495.0,6898.0,8209,0,31.0,920.98,160.82,1,7,3,0,0
2017-03-08,7401,7390.0,5601.0,6879.0,7390,0,30.5,898.88,174.26,2,8,3,0,0
2017-03-09,7904,7904.0,4948.0,6589.0,7904,0,27.8,893.21,151.15,3,9,3,0,0
2017-03-10,6134,6134.0,4503.0,5816.0,6134,0,32.0,786.0,133.39,4,10,3,1,0
2017-03-11,6134,6134.0,4503.0,5816.0,6134,0,32.0,786.0,133.39,5,11,3,1,0
2017-03-12,7983,7983.0,4747.0,6440.0,7983,0,29.0,909.21,147.09,6,12,3,0,0
2017-03-13,7890,7890.0,5013.0,6163.0,7890,0,28.2,887.45,146.04,0,13,3,0,0
2017-03-14,8048,8048.0,4996.0,6387.0,8048,0,29.5,906.88,149.49,1,14,3,0,0
2017-03-15,7780,7780.0,5003.0,6425.0,7780,0,29.8,912.39,151.29,2,15,3,0,0
2017-03-16,8087,8087.0,5059.0,6713.0,8087,0,30.5,898.38,160.9,3,16,3,0,0
2017-03-17,7587,7587.0,5258.0,5734.0,7587,0,31.6,887.16,146.6,4,17,3,1,0
2017-03-18,7174,7174.0,4697.0,5751.0,7153,0,29.6,859.0,139.3,5,18,3,1,0
2017-03-19,8102,8102.0,4922.0,6695.0,8102,0,32.8,898.26,153.27,6,19,3,0,0
2017-03-20,7333,7333.0,4899.0,6148.0,7333,0,23.9,824.7,141.68,0,20,3,0,0
2017-03-21,7547,7547.0,5019.0,5604.0,7547,0,31.2,933.43,145.01,1,21,3,0,0
2017-03-22,8125,8125.0,5113.0,6420.0,8125,0,31.2,936.35,153.36,2,22,3,0,0
2017-03-23,8507,8507.0,5450.0,7059.0,8507,0,31.2,973.87,163.5,3,23,3,0,0
2017-03-24,8112,8112.0,5593.0,6044.0,8112,0,32.4,954.1,158.27,4,24,3,1,0
2017-03-25,7415,7415.0,3614.0,4617.0,7415,0,27.5,839.52,137.96,5,25,3,1,0
2017-03-26,7868,7868.0,4943.0,5119.0,7868,0,31.5,901.0,142.56,6,26,3,0,0
2017-03-27,8615,8615.0,5502.0,6838.0,8615,0,32.8,1002.81,172.21,0,27,3,0,0
2017-03-28,8737,8737.0,6084.0,6516.0,8737,0,30.6,955.92,170.54,1,28,3,0,0
2017-03-29,8099,8099.0,5819.0,6650.0,8099,0,30.1,922.39,164.8,2,29,3,0,0
2017-03-30,8305,8305.0,5367.0,6533.0,8305,0,33.2,894.28,161.57,3,30,3,0,0
2017-03-31,8394,8394.0,5803.0,6181.0,8394,0,33.6,856.63,165.35,4,31,3,1,0
2017-04-01,8610,8610.0,6182.0,7156.0,8610,0,33.8,911.44,175.2,5,1,4,1,0
2017-04-02,8410,8410.0,6604.0,7424.0,8410,0,33.0,980.43,179.34,6,2,4,0,0
2017-04-03,7485,7579.0,5696.0,7279.0,7485,0,33.4,877.5,163.37,0,3,4,0,0
2017-04-04,8231,8231.0,4767.0,6696.0,8231,0,32.2,930.81,151.39,1,4,4,0,0
2017-04-05,6911,6911.0,5007.0,6839.0,6911,0,25.0,875.86,166.36,2,5,4,0,0
2017-04-06,8546,8546.0,5169.0,6763.0,8546,0,30.4,922.4,159.81,3,6,4,0,0
2017-04-07,8263,8263.0,5880.0,6544.0,8263,0,30.4,945.44,164.53,4,7,4,1,0
2017-04-08,8323,8323.0,6507.0,7611.0,8323,0,34.0,950.36,180.58,5,8,4,1,0
2017-04-09,8558,8685.0,6428.0,7518.0,8558,0,33.7,952.39,174.33,6,9,4,0,0
2017-04-10,8968,8968.0,7181.0,7881.0,8968,0,35.5,969.14,193.12,0,10,4,0,0
2017-04-11,8730,8812.0,7081.0,7738.0,8730,0,35.7,985.56,189.55,1,11,4,0,0
2017-04-12,8744,8807.0,7053.0,7925.0,8744,0,35.1,975.06,192.16,2,12,4,0,0
2017-04-13,8824,8834.0,7012.0,8081.0,8824,0,36.2,980.25,196.34,3,13,4,0,0
2017-04-14,8406,8451.0,6596.0,6916.0,8406,0,34.8,973.99,180.32,4,14,4,1,0
2017-04-15,7484,7852.0,6361.0,7597.0,7484,0,34.5,921.9,175.21,5,15,4,1,0
2017-04-16,8505,8505.0,5190.0,6129.0,8505,0,31.5,946.21,161.47,6,16,4,0,0
2017-04-17,9100,9100.0,6022.0,7450.0,9100,0,34.0,997.39,180.46,0,17,4,0,0
2017-04-18,9212,9212.0,6750.0,7970.0,9212,0,34.6,1009.06,193.08,1,18,4,0,0
2017-04-19,5473,8582.0,3320.0,7567.0,5473,0,30.7,763.68,161.46,2,19,4,0,0
2017-04-20,8158,8158.0,3687.0,6333.0,8158,0,29.6,867.67,140.69,3,20,4,0,0
2017-04-21,6352,6488.0,4815.0,5117.0,6352,0,28.3,796.0,133.11,4,21,4,1,0
2017-04-22,6133,6133.0,3695.0,4984.0,6133,0,24.8,772.52,118.79,5,22,4,1,0
2017-04-23,7557,7557.0,4190.0,6172.0,7557,0,28.8,818.46,132.65,6,23,4,0,0
2017-04-24,7160,7160.0,3892.0,4459.0,7160,0,28.8,830.55,120.09,0,24,4,0,0
2017-04-25,7921,7921.0,4544.0,6627.0,7921,0,34.0,905.25,146.61,1,25,4,0,0
2017-04-26,8682,8682.0,5336.0,6672.0,8682,0,34.0,974.27,164.38,2,26,4,0,0
2017-04-27,8774,8774.0,6361.0,7471.0,8774,0,34.0,1013.15,181.59,3,27,4,0,0
2017-04-28,8463,8463.0,6056.0,6436.0,8463,0,34.4,999.98,171.26,4,28,4,1,0
2017-04-29,7976,7976.0,5873.0,7232.0,7976,0,34.6,931.22,170.19,5,29,4,1,0
2017-04-30,8735,8735.0,4747.0,7395.0,8735,0,34.2,930.47,165.93,6,30,4,0,0
2017-05-01,6964,6964.0,4068.0,5291.0,6964,0,33.0,791.94,125.0,0,1,5,0,0
2017-05-02,7722,7722.0,3519.0,6192.0,7722,0,33.0,924.94,133.13,1,2,5,0,0
2017-05-03,8621,8682.0,6257.0,7577.0,8621,0,35.1,1028.3,180.35,2,3,5,0,0
2017-05-04,8827,8827.0,4923.0,7297.0,8812,0,34.1,995.84,178.96,3,4,5,0,0
2017-05-05,8284,8284.0,5862.0,6260.0,8284,0,35.0,982.48,169.47,4,5,5,1,0
2017-05-06,8697,8697.0,6297.0,7199.0,8697,0,34.2,1005.15,177.88,5,6,5,1,0
2017-05-07,8717,8717.0,5894.0,7319.0,8717,0,34.4,1012.2,179.92,6,7,5,0,0
2017-05-08,8449,8449.0,6879.0,7894.0,8449,0,36.2,963.65,190.79,0,8,5,0,0
2017-05-09,7844,8342.0,5823.0,6874.0,7844,0,31.7,874.96,171.49,1,9,5,0,0
2017-05-10,8598,8598.0,5711.0,7067.0,8598,0,33.0,971.36,170.47,2,10,5,0,0
2017-05-11,7830,8046.0,6865.0,7847.0,7830,0,35.6,916.75,183.18,3,11,5,0,0
2017-05-12,8230,8230.0,5346.0,6110.0,8230,0,35.0,953.16,162.43,4,12,5,1,0
2017-05-13,8731,8759.0,6751.0,7484.0,8731,0,34.8,980.17,186.81,5,13,5,1,0
2017-05-14,8450,8450.0,6548.0,7618.0,8450,0,34.7,938.35,185.94,6,14,5,0,0
2017-05-15,8406,8406.0,4578.0,6574.0,8146,0,32.7,791.25,162.43,0,15,5,0,0
2017-05-16,8137,8137.0,3393.0,6468.0,8137,0,31.0,909.98,140.59,1,16,5,0,0
2017-05-17,8090,8090.0,4641.0,7353.0,8090,0,33.4,854.99,169.97,2,17,5,0,0
2017-05-18,8184,8277.0,4816.0,6910.0,8184,0,34.2,942.78,159.41,3,18,5,0,0
2017-05-19,7910,7954.0,6241.0,6790.0,7910,0,36.0,939.1,168.5,4,19,5,1,0
2017-05-20,8244,8244.0,6775.0,7400.0,8244,0,36.0,910.81,179.11,5,20,5,1,0
2017-05-21,8483,8483.0,6625.0,7201.0,8483,0,36.0,966.22,179.88,6,21,5,0,0
2017-05-22,8259,8259.0,7346.0,7878.0,8259,0,36.8,964.28,188.43,0,22,5,0,0
2017-05-23,8492,8492.0,7195.0,7739.0,8492,0,37.0,977.5,186.96,1,23,5,0,0
2017-05-24,8607,8782.0,7517.0,7920.0,8607,0,36.2,1009.59,193.94,2,24,5,0,0
2017-05-25,8593,8725.0,7545.0,8004.0,8593,0,36.6,968.47,217.27,3,25,5,0,0
2017-05-26,8055,8228.0,5651.0,7069.0,8055,0,35.4,969.95,178.13,4,26,5,1,0
2017-05-27,9356,9471.0,6689.0,7849.0,9356,0,35.0,1053.73,191.9,5,27,5,1,0
2017-05-28,9263,9263.0,7646.0,8473.0,9263,0,34.5,1101.35,206.19,6,28,5,0,0
2017-05-29,9219,9219.0,7641.0,8571.0,9219,0,35.0,1085.26,206.17,0,29,5,0,0
2017-05-30,8270,8635.0,6293.0,6571.0,8270,0,30.5,991.71,174.8,1,30,5,0,0
2017-05-31,8241,8295.0,6324.0,8015.0,8241,0,34.3,1055.19,184.59,2,31,5,0,0
2017-06-01,7652,7945.0,6213.0,6989.0,7652,0,27.8,970.52,172.44,3,1,6,0,0
2017-06-02,7565,7565.0,5388.0,6186.0,7565,0,33.0,994.35,158.16,4,2,6,1,0
2017-06-03,9089,9089.0,6022.0,7202.0,9089,0,35.0,1047.26,179.82,5,3,6,1,0
2017-06-04,8823,8823.0,6777.0,7294.0,8823,0,34.2,1041.66,186.54,6,4,6,0,0
2017-06-05,8336,8343.0,6309.0,7765.0,8336,0,33.0,1016.54,177.2,0,5,6,0,0
2017-06-06,9229,9276.0,6058.0,8061.0,9229,0,35.5,1058.36,192.74,1,6,6,0,0
2017-06-07,9479,9479.0,7804.0,8743.0,9479,0,37.1,1068.73,209.59,2,7,6,0,0
2017-06-08,9111,9329.0,7822.0,8549.0,9111,0,36.1,1052.61,207.49,3,8,6,0,0
2017-06-09,8973,9048.0,6986.0,7461.0,8973,0,33.9,1042.96,192.82,4,9,6,1,0
2017-06-10,9395,9395.0,7307.0,8206.0,9395,0,36.0,1058.27,203.57,5,10,6,1,0
2017-06-11,8942,9091.0,7297.0,8106.0,8942,0,32.8,1000.03,198.65,6,11,6,0,0
2017-06-12,7649,7784.0,4931.0,5723.0,7649,0,26.4,928.53,154.57,0,12,6,0,0
2017-06-13,9114,9130.0,5446.0,7187.0,9114,0,33.2,1093.42,176.89,1,13,6,0,0
2017-06-14,8893,9091.0,6950.0,7823.0,8893,0,33.4,1061.67,196.03,2,14,6,0,0
2017-06-15,9323,9323.0,6747.0,7915.0,9323,0,34.0,1044.8,197.0,3,15,6,0,0
2017-06-16,8407,8732.0,6095.0,6365.0,8407,0,30.2,1017.61,173.64,4,16,6,1,0
2017-06-17,9055,9128.0,6368.0,7439.0,9055,0,33.4,1071.97,187.33,5,17,6,1,0
2017-06-18,9067,9100.0,6791.0,8106.0,9067,0,34.0,1035.54,204.15,6,18,6,0,0
2017-06-19,8315,8315.0,6151.0,6956.0,8315,0,29.5,972.17,177.9,0,19,6,0,0
2017-06-20,9038,9038.0,5630.0,6563.0,9038,0,31.8,1025.01,179.14,1,20,6,0,0
2017-06-21,9166,9166.0,6464.0,7581.0,9166,0,32.4,1043.42,188.87,2,21,6,0,0
2017-06-22,8947,8961.0,6608.0,7841.0,8947,0,32.4,1032.74,192.24,3,22,6,0,0
2017-06-23,8622,8710.0,6088.0,6732.0,8622,0,35.2,1039.32,181.27,4,23,6,1,0
2017-06-24,8415,8417.0,6335.0,6598.0,8415,0,34.0,1024.61,178.44,5,24,6,1,0
2017-06-25,8083,8083.0,5505.0,5720.0,8083,0,33.5,970.89,163.67,6,25,6,0,0
2017-06-26,7727,7784.0,5224.0,5839.0,7727,0,33.5,934.32,157.2,0,26,6,0,0
2017-06-27,7776,7877.0,5364.0,5516.0,7776,0,34.0,865.02,156.24,1,27,6,0,0
2017-06-28,7532,7598.0,5332.0,5735.0,7532,0,33.2,739.46,154.36,2,28,6,0,0
2017-06-29,7634,7765.0,5215.0,5990.0,7634,0,34.4,941.02,154.61,3,29,6,0,0
2017-06-30,7452,7533.0,5268.0,5496.0,7452,0,32.6,940.7,155.45,4,30,6,1,1
2017-07-01,8602,8602.0,5897.0,6499.0,8602,0,32.4,1029.31,169.65,5,1,7,1,1
2017-07-02,8487,8487.0,5937.0,6933.0,8487,0,33.8,1047.76,176.54,6,2,7,0,1
2017-07-03,8612,8612.0,5805.0,6857.0,8612,0,30.2,1056.57,175.18,0,3,7,0,1
2017-07-04,8788,8788.0,6016.0,7181.0,8788,0,29.7,1055.42,178.38,1,4,7,0,1
2017-07-05,8897,8897.0,6221.0,7298.0,8897,0,30.1,1022.7,179.64,2,5,7,0,1
2017-07-06,9039,9039.0,6375.0,7603.0,9039,0,33.2,1016.02,182.11,3,6,7,0,1
2017-07-07,8742,8742.0,6344.0,6629.0,8742,0,33.0,1010.89,178.9,4,7,7,1,1
2017-07-08,9063,9063.0,6657.0,7671.0,9063,0,32.8,1033.83,189.65,5,8,7,1,1
2017-07-09,8942,8966.0,6783.0,7725.0,8942,0,33.5,1013.52,190.5,6,9,7,0,1
2017-07-10,8856,8856.0,6830.0,7555.0,8856,0,31.6,967.66,189.1,0,10,7,0,1
2017-07-11,8855,8855.0,6450.0,7099.0,8855,0,31.7,974.32,183.42,1,11,7,0,1
2017-07-12,9147,9147.0,6158.0,7412.0,9147,0,31.6,950.09,182.78,2,12,7,0,1
2017-07-13,8953,8953.0,6598.0,7682.0,8906,0,32.0,953.5,191.81,3,13,7,0,1
2017-07-14,8739,8923.0,6241.0,6797.0,8739,0,33.8,972.61,179.36,4,14,7,1,1
2017-07-15,9143,9227.0,6701.0,7738.0,9143,0,34.6,971.56,189.78,5,15,7,1,1
2017-07-16,9334,9334.0,7499.0,8176.0,9334,0,35.8,1017.13,208.98,6,16,7,0,1
2017-07-17,8987,9023.0,7668.0,8274.0,8987,0,35.4,1014.31,197.56,0,17,7,0,1
2017-07-18,9258,9258.0,7779.0,8455.0,9258,0,36.6,1009.31,204.82,1,18,7,0,1
2017-07-19,8898,8898.0,7113.0,7709.0,8898,0,29.2,974.34,191.55,2,19,7,0,1
2017-07-20,8711,8711.0,6266.0,7299.0,8670,0,28.4,903.35,181.98,3,20,7,0,1
2017-07-21,8575,8575.0,5850.0,6227.0,8575,0,30.8,886.94,167.72,4,21,7,1,1
2017-07-22,8901,8937.0,6298.0,7158.0,8901,0,32.6,963.91,189.85,5,22,7,1,1
2017-07-23,8668,8668.0,6777.0,7418.0,8668,0,32.4,943.78,183.82,6,23,7,0,1
2017-07-24,8149,8149.0,5865.0,6450.0,8149,0,28.1,922.33,162.75,0,24,7,0,1
2017-07-25,8411,8411.0,5106.0,6625.0,8411,0,27.8,941.44,160.46,1,25,7,0,1
2017-07-26,8873,8873.0,5923.0,6716.0,8873,0,29.4,974.35,172.58,2,26,7,0,1
2017-07-27,8849,8868.0,6380.0,7642.0,8849,0,33.4,963.33,185.29,3,27,7,0,1
2017-07-28,8377,8396.0,6257.0,6795.0,8377,0,33.0,984.4,176.78,4,28,7,1,1
2017-07-29,8870,8870.0,6768.0,7340.0,8870,0,32.4,988.01,185.28,5,29,7,1,1
2017-07-30,8578,8718.0,7077.0,7828.0,8578,0,33.1,958.55,189.26,6,30,7,0,1
2017-07-31,9039,9039.0,7116.0,7995.0,9039,0,34.0,999.77,195.75,0,31,7,0,1
2017-08-01,9180,9180.0,7371.0,8275.0,9180,0,34.0,987.61,192.6,1,1,8,0,1
2017-08-02,9266,9266.0,7361.0,8253.0,9266,0,34.9,997.64,198.95,2,2,8,0,1
2017-08-03,9176,9176.0,7157.0,7957.0,9176,0,33.4,995.56,196.47,3,3,8,0,1
2017-08-04,8821,8911.0,6802.0,7060.0,8821,0,33.8,976.37,186.21,4,4,8,1,1
2017-08-05,9470,9470.0,7073.0,7806.0,9470,0,33.3,1058.04,197.32,5,5,8,1,1
2017-08-06,9167,9167.0,7283.0,8078.0,9167,0,31.6,1048.78,210.95,6,6,8,0,1
2017-08-07,9166,9166.0,6846.0,7570.0,9166,0,32.4,1026.88,195.39,0,7,8,0,1
2017-08-08,9314,9314.0,7214.0,7919.0,9314,0,34.2,1027.41,198.31,1,8,8,0,1
2017-08-09,9037,9037.0,7404.0,7948.0,9037,0,32.2,986.89,196.62,2,9,8,0,1
2017-08-10,8894,9021.0,7136.0,7220.0,8911,0,32.4,986.89,208.93,3,10,8,0,1
2017-08-11,8894,8377.0,5752.0,6217.0,8377,0,30.0,928.99,170.52,4,11,8,1,1
2017-08-12,8752,8752.0,5525.0,6658.0,8752,0,28.5,977.58,174.78,5,12,8,1,1
2017-08-13,8831,8831.0,6149.0,7401.0,8831,0,31.6,1007.19,182.04,6,13,8,0,1
2017-08-14,8977,8977.0,6421.0,7499.0,8977,0,30.8,982.85,185.84,0,14,8,0,1
2017-08-15,8765,8765.0,6402.0,6998.0,8765,0,32.2,992.36,179.49,1,15,8,0,1
2017-08-16,9064,9064.0,6842.0,7487.0,9064,0,31.0,1013.87,192.91,2,16,8,0,1
2017-08-17,9201,9318.0,6862.0,8011.0,9201,0,32.6,1031.91,197.82,3,17,8,0,1
2017-08-18,8850,8881.0,6654.0,6860.0,8850,0,31.0,1020.14,186.88,4,18,8,1,1
2017-08-19,9253,9254.0,6748.0,7289.0,9253,0,34.0,1034.33,189.72,5,19,8,1,1
2017-08-20,9284,9284.0,7397.0,8308.0,9284,0,33.5,1050.36,201.13,6,20,8,0,1
2017-08-21,9318,9318.0,7693.0,8385.0,9318,0,33.6,1027.11,202.11,0,21,8,0,1
2017-08-22,9180,9227.0,6922.0,7952.0,9180,0,33.2,1020.01,198.01,1,22,8,0,1
2017-08-23,9129,9129.0,6996.0,7947.0,9129,0,32.8,995.3,195.46,2,23,8,0,1
2017-08-24,8986,8986.0,7307.0,8215.0,8986,0,33.2,980.38,200.29,3,24,8,0,1
2017-08-25,8933,8940.0,6769.0,7305.0,8933,0,32.5,996.46,191.47,4,25,8,1,1
2017-08-26,9253,9253.0,7246.0,7619.0,9253,0,32.6,991.38,207.26,5,26,8,1,1
2017-08-27,9110,9120.0,6692.0,8253.0,9110,0,32.6,984.47,196.79,6,27,8,0,1
2017-08-28,9084,9084.0,7237.0,8003.0,9084,0,33.2,981.35,199.09,0,28,8,0,1
2017-08-29,9088,9088.0,7340.0,8051.0,9088,0,33.6,1014.52,208.91,1,29,8,0,1
2017-08-30,8980,8983.0,6879.0,7803.0,8980,0,33.5,1026.73,196.0,2,30,8,0,1
2017-08-31,8053,8370.0,6699.0,6937.0,8053,0,32.2,993.24,180.28,3,31,8,0,1
2017-09-01,7889,7972.0,5624.0,5541.0,7719,0,33.0,960.13,163.22,4,1,9,1,1
2017-09-02,7951,7951.0,4928.0,4758.0,7781,0,33.0,930.83,152.09,5,2,9,1,1
2017-09-03,7719,7728.0,5465.0,5979.0,7719,0,33.9,928.66,157.19,6,3,9,0,1
2017-09-04,8079,8079.0,5693.0,6213.0,8079,0,35.5,960.81,164.28,0,4,9,0,1
2017-09-05,8245,8245.0,6091.0,6581.0,8245,0,35.0,1019.22,174.67,1,5,9,0,1
2017-09-06,8422,8422.0,6339.0,6890.0,8422,0,32.2,1053.04,177.61,2,6,9,0,1
2017-09-07,8449,8449.0,6437.0,7067.0,8449,0,34.8,1064.24,179.76,3,7,9,0,1
2017-09-08,8672,8672.0,6238.0,6690.0,8672,0,31.0,994.54,176.04,4,8,9,1,1
2017-09-09,8804,8804.0,6651.0,7363.0,8804,0,34.0,1049.72,181.67,5,9,9,1,1
2017-09-10,8358,8358.0,6392.0,7289.0,8358,0,31.5,1049.73,177.11,6,10,9,0,1
2017-09-11,8583,8583.0,5980.0,6745.0,8583,0,27.0,1052.63,182.07,0,11,9,0,1
2017-09-12,9016,9016.0,6214.0,7419.0,9016,0,32.7,1038.89,184.92,1,12,9,0,1
2017-09-13,9049,9049.0,6833.0,7934.0,9049,0,32.6,1022.82,194.32,2,13,9,0,1
2017-09-14,9194,9194.0,7027.0,7797.0,9194,0,32.5,979.32,195.53,3,14,9,0,1
2017-09-15,8839,8839.0,6829.0,7122.0,8839,0,33.4,967.32,193.37,4,15,9,1,1
2017-09-16,8984,9154.0,7392.0,7956.0,8984,0,36.0,993.23,197.34,5,16,9,1,1
2017-09-17,9094,9094.0,6685.0,7445.0,9094,0,31.2,968.71,193.23,6,17,9,0,1
2017-09-18,8959,8959.0,6767.0,8125.0,8959,0,34.5,964.47,193.54,0,18,9,0,1
2017-09-19,9047,9047.0,6898.0,7823.0,9047,0,30.0,958.13,191.51,1,19,9,0,1
2017-09-20,9122,9122.0,6852.0,7711.0,9122,0,31.0,972.48,191.17,2,20,9,0,1
2017-09-21,9215,9215.0,6969.4,7966.0,9215,0,32.8,1010.39,195.43,3,21,9,0,1
2017-09-22,8930,8930.0,6674.0,7125.0,8930,0,34.6,972.66,188.21,4,22,9,1,1
2017-09-23,9056,9159.0,7319.3,7987.0,9056,0,35.5,1024.0,197.97,5,23,9,1,1
2017-09-24,9276,9281.0,8018.2,8542.0,9276,0,35.5,1031.97,197.98,6,24,9,0,1
2017-09-25,9272,9272.0,7965.4,8554.0,9272,0,33.9,1036.69,207.61,0,25,9,0,1
2017-09-26,9431,9431.0,7885.7,8474.0,9431,0,32.8,1036.69,211.97,1,26,9,0,1
2017-09-27,9231,9250.0,7701.7,8278.0,9231,0,32.5,1057.13,208.31,2,27,9,0,1
2017-09-28,8910,8910.0,7287.1,8522.0,8910,0,32.1,980.39,200.28,3,28,9,0,1
2017-09-29,8187,8187.0,5051.1,5548.0,8187,0,28.8,971.31,158.73,4,29,9,1,1
2017-09-30,9009,9009.0,6025.5,7201.0,9009,0,31.6,1023.09,177.31,5,30,9,1,2
2017-10-01,8874,8874.0,6293.1,7195.0,8874,0,32.5,1027.89,180.56,6,1,10,0,2
2017-10-02,9377,9377.0,6460.1,8176.0,9377,0,33.2,1034.11,200.42,0,2,10,0,2
2017-10-03,9382,9389.0,6901.4,8120.0,9382,0,35.0,1059.54,199.07,1,3,10,0,2
2017-10-04,9078,9078.0,7347.3,8271.2,9078,0,35.6,1033.6,201.65,2,4,10,0,2
2017-10-05,9077,9264.0,7296.3,8232.1,9077,0,36.5,1050.9,203.26,3,5,10,0,2
2017-10-06,9128,9128.0,7047.3,7332.0,9128,0,36.5,1034.09,189.27,4,6,10,1,2
2017-10-07,9428,9428.0,6686.5,7602.7,9428,0,32.5,1053.06,194.65,5,7,10,1,2
2017-10-08,9326,9326.0,6838.2,7825.4,9326,0,31.9,1022.54,195.63,6,8,10,0,2
2017-10-09,9251,9251.0,6319.2,7490.4,9251,0,29.3,1014.33,187.53,0,9,10,0,2
2017-10-10,9289,9289.0,6626.2,7756.5,9289,0,34.2,1040.96,198.58,1,10,10,0,2
2017-10-11,9181,9233.0,7096.1,8069.5,9181,0,34.5,1040.93,195.72,2,11,10,0,2
2017-10-12,9261,9261.0,7393.0,8064.0,9261,0,34.7,1047.43,203.6,3,12,10,0,2
2017-10-13,8981,8981.0,6806.4,7106.4,8981,0,34.0,1016.07,189.65,4,13,10,1,2
2017-10-14,9168,9214.0,6895.3,7542.1,9168,0,33.6,1005.1,188.89,5,14,10,1,2
2017-10-15,9236,9249.0,6789.1,8025.7,9236,0,33.0,1067.57,198.41,6,15,10,0,2
2017-10-16,9154,9190.0,7170.2,8130.7,9154,0,34.0,1040.69,200.61,0,16,10,0,2
2017-10-17,9200,9200.0,7155.1,8100.1,9200,0,34.8,1002.59,202.13,1,17,10,0,2
2017-10-18,9507,9507.0,7164.8,7964.6,9507,0,34.0,985.97,202.03,2,18,10,0,2
2017-10-19,8902,8902.0,6052.4,7453.1,8902,0,30.5,970.33,189.96,3,19,10,0,2
2017-10-20,6638,7938.0,4535.1,5458.3,6638,0,25.2,791.16,146.16,4,20,10,1,2
2017-10-21,5413,5413.0,3198.0,3982.0,5413,0,25.7,705.73,103.83,5,21,10,1,2
2017-10-22,8061,8061.0,4207.0,5878.0,8061,0,28.5,867.33,142.1,6,22,10,0,2
2017-10-23,9139,9139.0,5160.0,6650.3,9139,0,32.8,951.71,165.05,0,23,10,0,2
2017-10-24,8859,8859.0,5894.0,6914.9,8859,0,31.5,933.05,175.48,1,24,10,0,2
2017-10-25,9222,9222.0,5870.1,6916.9,9222,0,30.8,958.17,172.91,2,25,10,0,2
2017-10-26,9179,9179.0,5957.0,6927.5,9179,0,31.4,961.1,174.43,3,26,10,0,2
2017-10-27,7899,7899.0,5148.0,5669.6,7899,0,31.6,889.39,163.57,4,27,10,1,2
2017-10-28,8444,8444.0,5275.0,6198.7,8444,0,30.3,911.15,156.34,5,28,10,1,2
2017-10-29,8365,8365.0,5391.0,6732.5,8365,0,30.4,902.89,160.91,6,29,10,0,2
2017-10-30,7644,7644.0,5290.0,6400.5,7644,0,25.3,877.51,156.91,0,30,10,0,2
2017-10-31,8183,8183.0,4538.0,6203.7,8183,0,28.0,953.28,144.78,1,31,10,0,2
2017-11-01,8224,8224.0,4878.0,6562.1,8224,0,30.5,913.74,154.06,2,1,11,0,2
2017-11-02,8407,8407.0,4978.0,6512.8,8407,0,31.1,944.47,155.75,3,2,11,0,2
2017-11-03,7507,7507.0,4775.8,5317.0,7507,0,31.8,899.99,140.45,4,3,11,1,2
2017-11-04,8496,8496.0,5046.0,6183.1,8496,0,33.2,1017.89,152.97,5,4,11,1,2
2017-11-05,9015,9015.0,5617.0,7024.1,9015,0,33.2,1035.86,169.45,6,5,11,0,2
2017-11-06,8891,8891.0,5696.0,7101.1,8891,0,33.0,994.09,169.87,0,6,11,0,2
2017-11-07,8777,8777.0,5578.0,6867.1,8777,0,33.2,988.18,172.94,1,7,11,0,2
2017-11-08,8675,8675.0,5621.0,7098.1,8675,0,32.0,938.32,165.92,2,8,11,0,2
2017-11-09,8711,8711.0,5596.0,7084.0,8711,0,31.2,934.99,165.92,3,9,11,0,2
2017-11-10,7603,7603.0,5018.1,5333.2,7603,0,30.8,891.02,145.2,4,10,11,1,2
2017-11-11,8560,8560.0,5059.0,6326.1,8652,0,32.2,960.44,152.25,5,11,11,1,2
2017-11-12,8600,8600.0,5311.0,6855.1,8692,0,29.5,919.48,160.96,6,12,11,0,2
2017-11-13,8605,8605.0,5431.0,6884.0,8605,0,32.8,888.8,162.38,0,13,11,0,2
2017-11-14,8637,8637.0,5389.0,6784.7,8637,0,30.6,965.84,156.25,1,14,11,0,2
2017-11-15,7964,7964.0,5510.0,6529.6,7964,0,27.2,939.16,156.93,2,15,11,0,2
2017-11-16,8170,8170.0,4974.0,6406.7,8170,0,25.2,893.09,151.23,3,16,11,0,2
2017-11-17,7469,7469.0,4826.0,5366.0,7469,0,28.4,840.72,137.97,4,17,11,1,2
2017-11-18,8503,8503.0,4937.0,6192.6,8503,0,31.4,897.71,154.68,5,18,11,1,2
2017-11-19,8693,8693.0,5642.0,6729.2,8693,0,31.4,930.46,165.67,6,19,11,0,2
2017-11-20,8711,8711.0,5556.0,6742.8,8711,0,30.7,944.45,161.65,0,20,11,0,2
2017-11-21,8253,8253.0,5324.0,6403.0,8253,0,29.0,903.69,155.15,1,21,11,0,2
2017-11-22,8009,8009.0,4922.0,6124.9,8009,0,27.9,899.13,148.33,2,22,11,0,2
2017-11-23,7915,7915.0,4937.0,6134.8,7915,0,27.7,885.62,148.11,3,23,11,0,2
2017-11-24,7070,7070.0,4514.0,4960.8,7070,0,28.8,841.33,129.06,4,24,11,1,2
2017-11-25,7751,7751.0,4424.0,5910.9,7751,0,28.5,873.96,140.85,5,25,11,1,2
2017-11-26,7836,7836.0,4683.0,5861.8,7836,0,28.3,905.9,145.34,6,26,11,0,2
2017-11-27,7883,7883.0,4718.0,6004.8,7883,0,28.6,896.03,143.64,0,27,11,0,2
2017-11-28,7915,7915.0,4637.0,5819.6,7915,0,28.0,868.03,144.78,1,28,11,0,2
2017-11-29,7915,7915.0,4637.0,5819.6,7915,0,28.0,868.03,144.78,2,29,11,0,2
2017-11-30,7755,7755.0,4598.0,5851.0,7755,0,28.3,893.16,143.5,3,30,11,0,2
2017-12-01,7755,6982.0,4593.4,4960.0,6982,0,29.0,843.37,128.1,4,1,12,1,2
2017-12-02,7362,7362.0,4303.0,5327.1,7362,0,28.9,881.33,132.86,5,2,12,1,2
2017-12-03,7739,7739.0,4425.0,5731.0,7739,0,28.5,897.43,139.66,6,3,12,0,2
2017-12-04,7881,7881.0,4551.0,5917.0,7881,0,27.2,906.11,147.29,0,4,12,0,2
2017-12-05,8015,8015.0,4641.0,5875.8,8015,0,28.2,870.25,143.13,1,5,12,0,2
2017-12-06,7960,7960.0,4581.0,5887.8,7960,0,27.2,873.33,143.65,2,6,12,0,2
2017-12-07,7826,7826.0,4582.0,6054.9,7826,0,28.6,878.17,145.23,3,7,12,0,2
2017-12-08,6920,6920.0,4511.9,4938.8,6920,0,23.0,841.96,142.31,4,8,12,1,2
2017-12-09,7335,7335.0,4019.0,5709.2,7335,0,22.8,853.89,133.42,5,9,12,1,2
2017-12-10,7803,7823.0,4232.0,6251.2,7823,0,27.3,939.23,145.13,6,10,12,0,2
2017-12-11,8028,8028.0,4577.0,6293.1,8028,0,25.2,920.3,148.15,0,11,12,0,2
2017-12-12,8024,8024.0,4790.0,6003.8,8024,0,29.4,847.54,147.47,1,12,12,0,2
2017-12-13,8002,8002.0,4828.0,5903.5,8002,0,28.7,849.08,147.95,2,13,12,0,2
2017-12-14,7742,7742.0,4827.0,6132.7,7742,0,28.6,851.86,147.38,3,14,12,0,2
2017-12-15,7002,7002.0,4567.4,5022.3,7002,0,26.4,784.32,129.82,4,15,12,1,2
2017-12-16,6591,6591.0,4200.0,4684.7,6591,0,25.2,779.88,118.58,5,16,12,1,2
2017-12-17,7627,7627.0,4125.0,5650.4,7627,0,25.3,827.08,135.39,6,17,12,0,2
2017-12-18,7842,7842.0,4441.0,5801.5,7842,0,25.4,832.87,142.02,0,18,12,0,2
2017-12-19,7842,7842.0,4441.0,5801.5,7842,0,25.4,832.87,142.02,1,19,12,0,2
2017-12-20,7894,7894.0,4434.0,5818.9,7894,0,25.2,844.36,140.3,2,20,12,0,2
2017-12-21,7896,7896.0,4508.0,5827.3,7896,0,26.1,866.65,139.5,3,21,12,0,2
2017-12-22,7064,7064.0,4457.4,4901.9,7064,0,27.2,826.76,127.03,4,22,12,1,2
2017-12-23,7829,7829.0,4381.0,5383.5,7829,0,25.0,902.14,136.89,5,23,12,1,2
2017-12-24,7935,7935.0,4614.0,5951.7,7935,0,26.6,891.19,148.76,6,24,12,0,2
2017-12-25,7829,7829.0,4590.0,5646.6,7829,0,27.1,882.92,140.58,0,25,12,0,2
2017-12-26,7957,7957.0,4526.0,5992.7,7957,0,26.3,866.43,142.39,1,26,12,0,2
2017-12-27,7798,7798.0,4547.0,5928.8,7798,0,27.1,878.49,143.91,2,27,12,0,2
2017-12-28,7753,7753.0,4562.0,6137.8,7753,0,24.6,882.52,141.73,3,28,12,0,2
2017-12-29,6919,6919.0,4558.0,5049.9,6919,0,27.0,785.53,129.19,4,29,12,1,2
2017-12-30,7812,7812.0,4309.0,5566.0,7812,0,29.1,846.06,137.69,5,30,12,1,2
2017-12-31,7703,7703.0,4545.0,5940.9,7703,0,28.3,860.24,143.3,6,31,12,0,2
2018-01-01,7651,7651.0,4594.0,5926.5,7651,0,26.8,860.5,141.65,0,1,1,0,2
2018-01-02,7782,7782.0,4472.0,5806.2,7782,0,26.5,833.71,142.35,1,2,1,0,2
2018-01-03,7717,7717.0,4483.0,5927.9,7717,0,24.6,815.67,140.86,2,3,1,0,0
2018-01-04,7739,7739.0,4336.0,5954.2,7739,0,21.8,844.1,140.37,3,4,1,0,0
2018-01-05,6967,6967.0,4345.0,5130.2,6967,0,22.5,816.26,127.67,4,5,1,1,0
2018-01-06,7657,7657.0,4098.0,5455.0,7657,0,23.6,862.21,132.12,5,6,1,1,0
2018-01-07,7700,7700.0,4366.0,5770.5,7700,0,20.2,865.51,138.09,6,7,1,0,0
2018-01-08,7868,7868.0,4376.0,5888.0,7868,0,18.0,875.03,138.46,0,8,1,0,0
2018-01-09,7895,7895.0,4405.0,5997.3,7895,0,22.8,875.94,142.45,1,9,1,0,0
2018-01-10,7755,7755.0,4549.0,5894.2,7755,0,22.0,841.39,140.87,2,10,1,0,0
2018-01-11,7972,7972.0,4464.0,6191.4,7972,0,17.8,897.88,145.28,3,11,1,0,0
2018-01-12,7020,7020.0,4532.0,5357.0,7020,0,20.6,866.2,132.35,4,12,1,1,0
2018-01-13,7842,7842.0,4237.0,6128.0,7842,0,20.5,898.86,143.01,5,13,1,1,0
2018-01-14,7627,7627.0,4588.0,6176.0,7627,0,18.9,875.98,145.57,6,14,1,0,0
2018-01-15,7970,7970.0,4603.0,6250.0,7970,0,22.2,862.97,144.32,0,15,1,0,0
2018-01-16,7784,7784.0,4658.0,6120.4,7784,0,23.7,881.36,142.6,1,16,1,0,0
2018-01-17,8061,8061.0,4748.0,6170.3,8061,0,25.0,864.32,149.06,2,17,1,0,0
2018-01-18,7878,7878.0,4698.0,6324.5,7878,0,26.1,817.57,149.12,3,18,1,0,0
2018-01-19,7273,7273.0,4686.0,5368.3,7273,0,26.7,773.66,134.17,4,19,1,1,0
2018-01-20,7684,7684.0,4479.0,5776.0,7684,0,25.0,810.67,140.24,5,20,1,1,0
2018-01-21,7841,7841.0,4731.0,6216.5,7841,0,25.2,791.58,146.95,6,21,1,0,0
2018-01-22,7810,7810.0,4715.0,6368.6,7810,0,24.2,831.6,149.61,0,22,1,0,0
2018-01-23,7881,7881.0,4795.0,6303.8,7881,0,26.4,842.03,150.04,1,23,1,0,0
2018-01-24,7973,7973.0,4889.0,6492.9,7973,0,26.5,870.65,152.68,2,24,1,0,0
2018-01-25,8183,8183.0,5032.0,6541.9,8183,0,26.5,869.72,158.28,3,25,1,0,0
2018-01-26,7285,7285.0,4907.0,5644.2,7285,0,25.7,845.41,137.94,4,26,1,1,0
2018-01-27,8051,8051.0,4583.0,6163.3,8051,0,22.3,848.01,145.56,5,27,1,1,0
2018-01-28,8144,8144.0,4818.0,6497.9,8144,0,24.2,880.51,153.09,6,28,1,0,0
2018-01-29,8251,8251.0,4811.0,6576.8,8251,0,24.6,883.78,153.87,0,29,1,0,0
2018-01-30,8231,8231.0,4847.0,6752.7,8231,0,25.0,852.58,154.25,1,30,1,0,0
2018-01-31,8186,8186.0,4896.0,6788.4,8186,0,25.6,879.91,154.89,2,31,1,0,0
2018-02-01,8162,8162.0,4928.0,6870.5,8162,0,25.5,861.41,155.82,3,1,2,0,0
2018-02-02,7262,7262.0,4415.0,5739.5,7262,0,28.0,823.65,136.05,4,2,2,1,0
2018-02-03,8109,8109.0,4557.0,6632.1,8109,0,25.5,941.34,146.68,5,3,2,1,0
2018-02-04,8139,8139.0,4842.0,6511.6,8139,0,28.6,854.84,151.67,6,4,2,0,0
2018-02-05,8247,8247.0,4794.0,6798.2,8247,0,28.7,844.42,155.98,0,5,2,0,0
2018-02-06,7976,7976.0,4871.0,6500.4,7976,0,28.4,835.02,152.32,1,6,2,0,0
2018-02-07,8258,8258.0,4989.0,6956.7,8258,0,28.3,824.58,157.48,2,7,2,0,0
2018-02-08,8115,8115.0,5192.0,7184.2,8115,0,28.2,816.21,158.62,3,8,2,0,0
2018-02-09,7449,7449.0,5074.0,5831.0,7449,0,28.6,844.84,143.04,4,9,2,1,0
2018-02-10,8144,8144.0,4943.0,6783.5,8144,0,28.5,876.14,154.61,5,10,2,1,0
2018-02-11,8032,8032.0,5002.0,6843.3,8032,0,27.8,892.26,155.82,6,11,2,0,0
2018-02-12,8165,8165.0,5042.0,6882.0,8165,0,29.8,921.98,157.18,0,12,2,0,0
2018-02-13,8421,8421.0,5083.0,7198.0,8421,0,29.5,950.1,160.97,1,13,2,0,0
2018-02-14,8419,8419.0,5187.0,6831.7,8419,0,28.4,888.42,158.92,2,14,2,0,0
2018-02-15,8288,8288.0,5267.0,7155.2,8288,0,27.8,881.92,160.48,3,15,2,0,0
2018-02-16,7455,7455.0,5138.0,5743.2,7455,0,28.6,843.67,141.64,4,16,2,1,0
2018-02-17,8158,8158.0,4909.0,6790.1,8158,0,28.3,935.93,155.71,5,17,2,1,0
2018-02-18,8465,8465.0,5131.0,7052.8,8465,0,28.9,983.9,161.21,6,18,2,0,0
2018-02-19,8551,8551.0,5258.0,7079.8,8551,0,30.2,911.35,162.93,0,19,2,0,0
2018-02-20,8553,8553.0,5337.0,7364.8,8553,0,30.8,900.89,167.22,1,20,2,0,0
2018-02-21,7631,7631.0,5303.0,6040.8,7631,0,31.1,883.09,141.05,2,21,2,0,0
2018-02-22,8508,8508.0,4916.0,7176.7,8508,0,31.0,938.13,160.78,3,22,2,0,0
2018-02-23,7980,7980.0,5485.0,6044.8,7980,0,31.6,919.89,159.78,4,23,2,1,0
2018-02-24,8848,8848.0,5323.0,7205.0,8848,0,32.5,982.3,166.0,5,24,2,1,0
2018-02-25,8763,8763.0,5878.0,7547.8,8763,0,33.6,897.19,176.02,6,25,2,0,0
2018-02-26,8060,8060.0,2515.0,6045.0,8060,0,30.7,844.85,139.74,0,26,2,0,0
2018-02-27,8768,8768.0,5181.0,7017.1,8768,0,31.0,894.32,164.95,1,27,2,0,0
2018-02-28,8794,8794.0,5824.0,7444.3,8794,0,31.8,916.0,174.19,2,28,2,0,0
2018-03-01,8835,8835.0,5843.0,7467.0,8835,0,31.5,930.61,174.32,3,1,3,0,0
2018-03-02,8316,8316.0,5973.0,6246.6,8316,0,32.6,927.11,159.66,4,2,3,1,0
2018-03-03,9262,9262.0,5777.0,6941.0,9262,0,33.8,982.58,174.47,5,3,3,1,0
2018-03-04,9032,9032.0,6553.0,7822.3,9032,0,34.5,941.08,194.64,6,4,3,0,0
2018-03-05,9015,9015.0,6859.0,8116.0,9015,0,33.4,915.51,191.25,0,5,3,0,0
2018-03-06,9307,9307.0,6637.0,8109.2,9307,0,33.4,931.37,189.62,1,6,3,0,0
2018-03-07,9431,9431.0,6689.0,8057.4,9431,0,32.3,966.83,189.94,2,7,3,0,0
2018-03-08,9241,9241.0,6252.0,7776.0,9241,0,32.0,890.04,183.78,3,8,3,0,0
2018-03-09,8306,8306.0,6066.3,6335.1,8306,0,32.2,857.27,167.3,4,9,3,1,0
2018-03-10,9249,9249.0,5829.0,7095.2,9249,0,32.0,928.64,176.03,5,10,3,1,0
2018-03-11,9454,9454.0,6256.0,7927.9,9454,0,33.6,983.38,182.5,6,11,3,0,0
2018-03-12,9533,9533.0,6364.0,7946.0,9533,0,34.0,958.74,183.57,0,12,3,0,0
2018-03-13,9616,9616.0,6645.0,8237.7,9616,0,34.2,943.55,192.63,1,13,3,0,0
2018-03-14,9494,9494.0,6524.0,8080.9,9494,0,34.2,943.98,185.94,2,14,3,0,0
2018-03-15,9715,9715.0,6896.0,8200.0,9715,0,32.9,986.53,190.18,3,15,3,0,0
2018-03-16,8842,8842.0,6548.0,6540.0,8842,0,31.5,944.9,177.74,4,16,3,1,0
2018-03-17,9467,9467.0,6538.0,8038.2,9467,0,33.9,983.21,190.51,5,17,3,1,0
2018-03-18,9939,9939.0,6918.0,8223.1,9939,0,34.6,955.62,198.83,6,18,3,0,0
2018-03-19,10084,10084.0,7140.0,8155.3,10084,0,34.4,976.88,199.69,0,19,3,0,0
2018-03-20,9578,9578.0,7079.0,8325.0,9578,0,34.0,933.31,198.49,1,20,3,0,0
2018-03-21,9641,9714.0,7029.0,8402.0,9714,0,34.6,934.64,196.77,2,21,3,0,0
2018-03-22,9819,9819.0,7219.0,8476.9,9819,0,33.1,977.29,206.88,3,22,3,0,0
2018-03-23,9344,9344.0,6897.8,7267.9,9344,0,33.6,953.32,188.23,4,23,3,1,0
2018-03-24,9470,9470.0,7308.0,8147.0,9470,0,33.5,1004.4,199.83,5,24,3,1,0
2018-03-25,8962,9190.0,7716.0,8408.9,8962,0,33.7,966.78,200.48,6,25,3,0,0
2018-03-26,8654,8654.0,6738.7,7440.3,8654,0,33.5,863.86,182.76,0,26,3,0,0
2018-03-27,9318,9318.0,6112.0,7897.0,9318,0,33.9,917.1,186.66,1,27,3,0,0
2018-03-28,9306,9306.0,7497.0,8117.4,9306,0,36.1,928.73,198.97,2,28,3,0,0
2018-03-29,9147,9147.0,7250.0,8330.0,9147,0,33.5,917.48,197.04,3,29,3,0,0
2018-03-30,5487,7815.0,6062.2,6315.2,5487,0,29.1,748.43,148.06,4,30,3,1,0
2018-03-31,8314,8314.0,1774.0,4893.4,8314,0,28.9,912.38,132.07,5,31,3,1,0
2018-04-01,9147,9147.0,5696.0,7359.1,9147,0,34.2,932.62,171.56,6,1,4,0,0
2018-04-02,9258,9258.0,5910.0,7658.5,9258,0,30.0,888.34,179.08,0,2,4,0,0
2018-04-03,9350,9350.0,6551.0,8216.2,9350,0,34.2,906.2,196.31,1,3,4,0,0
2018-04-04,9248,9248.0,7014.0,7969.2,9248,0,34.0,909.48,192.14,2,4,4,0,0
2018-04-05,7443,8386.2,7322.0,8361.2,7443,0,34.1,853.59,185.14,3,5,4,0,0
2018-04-06,8396,8396.0,5243.0,5941.9,8396,0,31.0,867.86,157.2,4,6,4,1,0
2018-04-07,9255,9255.0,5607.0,7424.3,9255,0,33.9,902.08,176.57,5,7,4,1,0
2018-04-08,9200,9200.0,5953.0,7269.5,9200,0,33.0,916.69,171.78,6,8,4,0,0
2018-04-09,9510,9510.0,6360.0,8255.1,9510,0,33.6,943.3,191.33,0,9,4,0,0
2018-04-10,9355,9355.0,5947.0,7950.4,9355,0,33.7,955.77,184.4,1,10,4,0,0
2018-04-11,8943,8943.0,7007.8,6580.6,8943,0,33.0,936.89,190.23,2,11,4,0,0
2018-04-12,8917,8917.0,5187.0,7923.3,8917,0,33.4,875.19,167.25,3,12,4,0,0
2018-04-13,9257,9257.0,5332.3,6363.3,9257,0,32.8,942.12,164.53,4,13,4,1,0
2018-04-14,7665,8282.0,6680.0,7522.3,7665,0,34.1,907.66,176.18,5,14,4,1,0
2018-04-15,9961,9961.0,5767.0,8044.0,9961,0,34.4,1032.07,186.93,6,15,4,0,0
2018-04-16,9702,9702.0,7383.3,8840.0,9702,0,36.5,986.47,206.55,0,16,4,0,0
2018-04-17,8464,8464.0,7051.2,7437.1,8464,0,31.6,844.43,177.46,1,17,4,0,0
2018-04-18,9758,9758.0,4376.0,7536.3,9758,0,32.6,929.91,170.21,2,18,4,0,0
2018-04-19,9425,9425.0,5443.3,7639.7,9425,0,32.4,977.76,173.78,3,19,4,0,0
2018-04-20,8095,8090.0,5926.4,6206.6,8095,0,35.0,919.61,165.41,4,20,4,1,0
2018-04-21,8498,8498.0,6263.1,7094.3,8498,0,33.1,907.17,172.92,5,21,4,1,0
2018-04-22,8461,8624.0,6458.0,7953.8,8461,0,33.5,926.74,182.25,6,22,4,0,0
2018-04-23,9778,9778.0,6641.0,8105.4,9778,0,34.7,956.74,195.27,0,23,4,0,0
2018-04-24,10137,10137.0,7235.0,8526.2,10137,0,34.5,989.03,209.82,1,24,4,0,0
2018-04-25,8591,9269.0,7229.0,8329.3,8591,0,34.1,854.95,188.12,2,25,4,0,0
2018-04-26,9261,9261.0,5379.0,7243.4,9261,0,33.8,851.01,170.95,3,26,4,0,0
2018-04-27,8876,8876.0,4793.0,6297.3,8876,0,31.0,958.33,156.67,4,27,4,1,0
2018-04-28,9573,9573.0,6303.0,7884.3,9573,0,34.3,971.49,194.76,5,28,4,1,0
2018-04-29,7807,7807.0,4197.1,5524.6,7807,0,28.1,837.51,152.25,6,29,4,0,0
2018-04-30,6579,6579.0,4666.0,5636.6,6579,0,32.8,854.12,130.69,0,30,4,0,0
2018-05-01,6579,6579.0,4666.0,5636.6,6579,0,32.8,854.12,130.69,1,1,5,0,0
2018-05-02,6579,6579.0,4666.0,5636.6,6579,0,32.8,854.12,130.69,2,2,5,0,0
2018-05-03,9091,9091.0,4966.0,7342.8,9091,0,32.5,1011.88,165.4,3,3,5,0,0
2018-05-04,8024,8024.0,5412.1,5686.1,8024,0,34.0,883.02,156.76,4,4,5,1,0
2018-05-05,8883,8883.0,5506.1,7201.0,8883,0,32.7,922.23,167.88,5,5,5,1,0
2018-05-06,9758,9758.0,5881.0,7898.0,9758,0,33.7,944.15,180.32,6,6,5,0,0
2018-05-07,9641,9641.0,5390.0,7083.3,9641,0,30.0,944.15,188.48,0,7,5,0,0
2018-05-08,9566,9566.0,6629.0,7628.1,9566,0,33.0,1002.28,193.74,1,8,5,0,0
2018-05-09,9446,9446.0,7153.1,7650.3,9446,0,31.9,972.95,192.36,2,9,5,0,0
2018-05-10,8033,8376.0,6903.0,7342.4,8033,0,30.2,809.86,175.6,3,10,5,0,0
2018-05-11,6549,6724.0,5165.8,5767.7,6549,0,31.0,834.92,143.75,4,11,5,1,0
2018-05-12,9449,9449.0,5152.0,6988.0,9449,0,32.6,968.95,169.91,5,12,5,1,0
2018-05-13,9160,9160.0,6485.0,7537.1,9160,0,32.8,945.04,180.26,6,13,5,0,0
2018-05-14,9464,9522.0,6254.0,7619.0,9464,0,32.5,950.34,185.73,0,14,5,0,0
2018-05-15,9313,9313.0,6748.0,7952.0,9313,0,34.6,889.47,191.21,1,15,5,0,0
2018-05-16,8753,8753.0,4864.0,6623.3,8753,0,27.4,925.87,163.77,2,16,5,0,0
2018-05-17,9703,9726.0,5949.0,7620.3,9703,0,32.0,980.97,185.35,3,17,5,0,0
2018-05-18,8668,8766.0,5835.5,5864.6,8668,0,30.0,900.24,170.71,4,18,5,1,0
2018-05-19,9917,9917.0,5585.0,7219.7,9917,0,31.9,1021.93,186.4,5,19,5,1,0
2018-05-20,9715,9715.0,6781.1,7472.4,9715,0,31.1,972.03,193.93,6,20,5,0,0
2018-05-21,9715,9715.0,6781.1,7472.4,9715,0,31.1,972.03,193.93,0,21,5,0,0
2018-05-22,10147,10147.0,6880.1,7877.3,10147,0,32.5,1030.16,199.77,1,22,5,0,0
2018-05-23,9904,9904.0,7062.3,7694.9,9904,0,29.4,1006.54,202.2,2,23,5,0,0
2018-05-24,10130,10130.0,6815.0,7976.2,10130,0,33.2,979.9,194.99,3,24,5,0,0
2018-05-25,8960,9083.0,6539.3,6999.0,8960,0,35.2,969.03,189.43,4,25,5,1,0
2018-05-26,10699,10699.0,6781.0,8129.6,10699,0,34.5,998.42,206.78,5,26,5,1,0
2018-05-27,10825,10825.0,7847.5,8732.9,10825,0,35.5,1005.07,223.99,6,27,5,0,0
2018-05-28,10958,10958.0,7198.5,8783.2,10958,0,35.5,998.89,219.77,0,28,5,0,0
2018-05-29,10875,10875.0,5950.4,8033.3,10875,0,35.4,1034.97,204.9,1,29,5,0,0
2018-05-30,9869,9994.0,7679.4,9123.3,9869,0,36.3,1005.58,221.42,2,30,5,0,0
2018-05-31,9887,9887.0,5907.1,7365.5,9887,0,28.2,933.0,198.34,3,31,5,0,0
2018-06-01,9198,9207.0,6639.4,6807.0,9198,0,32.6,919.45,183.07,4,1,6,1,0
2018-06-02,10364,10397.0,6506.1,7861.4,10364,0,33.2,1064.33,200.62,5,2,6,1,0
2018-06-03,10602,10602.0,7592.1,8703.2,10602,0,34.2,1065.63,220.73,6,3,6,0,0
2018-06-04,10716,10716.0,7695.5,8886.3,10716,0,34.5,1067.45,224.15,0,4,6,0,0
2018-06-05,10903,10903.0,7744.7,8864.0,10903,0,35.1,1054.67,224.24,1,5,6,0,0
2018-06-06,10948,10949.0,8128.3,9023.2,10948,0,34.0,990.82,227.35,2,6,6,0,0
2018-06-07,10909,10909.0,8521.7,9178.2,10909,0,34.0,1031.6,233.99,3,7,6,0,0
2018-06-08,10561,10561.0,7425.3,7958.2,10561,0,34.3,1008.47,215.06,4,8,6,1,0
2018-06-09,10249,10249.0,7959.2,9043.0,10249,0,35.1,1043.93,223.44,5,9,6,1,0
2018-06-10,10044,10244.0,7705.6,8718.6,10044,0,34.6,1019.11,216.07,6,10,6,0,0
2018-06-11,10480,10480.0,7242.6,8523.6,10480,0,33.0,1058.54,212.43,0,11,6,0,0
2018-06-12,9286,9761.0,7596.0,8881.2,9286,0,34.0,1000.29,208.57,1,12,6,0,0
2018-06-13,10263,10276.0,6865.4,7608.4,10263,0,31.5,1022.38,200.31,2,13,6,0,0
2018-06-14,9944,9968.0,7472.6,8150.2,9944,0,35.6,1020.84,206.09,3,14,6,0,0
2018-06-15,8616,8774.0,5720.0,6515.3,8616,0,34.4,957.76,177.12,4,15,6,1,0
2018-06-16,7749,7749.0,4998.5,5387.9,7749,0,31.2,874.08,147.77,5,16,6,1,0
2018-06-17,8503,8503.0,5345.1,5801.1,8503,0,35.5,904.94,157.06,6,17,6,0,0
2018-06-18,9132,9132.0,5620.3,6436.7,9132,0,35.3,929.43,169.41,0,18,6,0,0
2018-06-19,8229,8788.0,5197.1,5470.1,8229,0,28.5,868.52,161.64,1,19,6,0,0
2018-06-20,9186,9209.0,5756.2,7000.3,9186,0,37.2,999.96,181.85,2,20,6,0,0
2018-06-21,9641,9700.0,6730.6,7678.9,9641,0,35.5,1055.57,194.8,3,21,6,0,0
2018-06-22,9615,9753.0,6767.4,7221.0,9651,0,35.4,1038.39,194.42,4,22,6,1,0
2018-06-23,10021,10021.0,7032.3,7590.8,10021,0,31.6,1077.74,200.61,5,23,6,1,0
2018-06-24,9839,9839.0,6931.3,8179.5,9839,0,32.4,1109.25,205.42,6,24,6,0,0
2018-06-25,10094,10094.0,6831.3,8081.5,10094,0,31.2,1045.18,200.31,0,25,6,0,0
2018-06-26,10337,10337.0,6501.1,8115.9,10337,0,33.8,1033.87,205.75,1,26,6,0,0
2018-06-27,10426,10426.0,6928.3,8107.9,10426,0,32.2,1072.01,201.7,2,27,6,0,0
2018-06-28,10359,10359.0,6793.4,8287.9,10359,0,33.8,1084.73,208.3,3,28,6,0,0
2018-06-29,9456,9574.0,6526.4,7051.7,9456,0,33.8,1042.95,191.92,4,29,6,1,0
2018-06-30,10679,10679.0,6748.4,8136.3,10679,0,34.0,1083.69,206.88,5,30,6,1,1
